8,iilfepai,iilfepaijygncqemo@gmailcom,877650521,wwwiilfepaicom,bgukvgux
29,rihmsrw,rihmsrwamntfxqo@gmailcom,7113867511,wwwrihmsrwcom,bgukvgux
34,lkcnaoeaseko,lkcnaoeasekorgacwbkfiecxn@gmailcom,2081615316,wwwlkcnaoeasekocom,bgukvgux
123,onjqgukqot,onjqgukqotvgbavqawmyr@gmailcom,7248151741,wwwonjqgukqotcom,bgukvgux
225,sfyrxt,sfyrxtwndmcgl@gmailcom,4272467378,wwwsfyrxtcom,bgukvgux
234,rebyirgikjt,rebyirgikjtbelfyrpxrluh@gmailcom,6512257155,wwwrebyirgikjtcom,bgukvgux
311,ndeolskkh,ndeolskkhqxkqoxuuul@gmailcom,6474738485,wwwndeolskkhcom,bgukvgux
361,uqfjjgloiabpw,uqfjjgloiabpwawaccuomtnyjxu@gmailcom,704032726,wwwuqfjjgloiabpwcom,bgukvgux
520,jgbylx,jgbylxwqkwgrf@gmailcom,7335512425,wwwjgbylxcom,bgukvgux
616,wkntfygahqnmjy,wkntfygahqnmjykynbefdwiranbgp@gmailcom,7163108763,wwwwkntfygahqnmjycom,bgukvgux
652,yvwlspfe,yvwlspfeatqfbypcf@gmailcom,266335382,wwwyvwlspfecom,bgukvgux
832,gsvudtcchdkrj,gsvudtcchdkrjhpvwaotgnwhjoi@gmailcom,3825577457,wwwgsvudtcchdkrjcom,bgukvgux
902,chcdnuq,chcdnuqgymexdbf@gmailcom,4025117864,wwwchcdnuqcom,bgukvgux
950,oewquj,oewqujeasacwe@gmailcom,5845052464,wwwoewqujcom,bgukvgux
961,ckqvykuy,ckqvykuyiemoykayw@gmailcom,1687863511,wwwckqvykuycom,bgukvgux
991,cftcxkihynnqk,cftcxkihynnqkymjtyeyjlepogh@gmailcom,6451018370,wwwcftcxkihynnqkcom,bgukvgux
288,qspoltevygie,qspoltevygiehabugamdictal@gmailcom,1245075745,wwwqspoltevygiecom,bhuvlipbh
442,lnbrlfrp,lnbrlfrpsinxiggdk@gmailcom,2452567313,wwwlnbrlfrpcom,bhuvlipbh
452,wdjdvahtilqxmi,wdjdvahtilqxmimaheqekysjeufoa@gmailcom,1351880834,wwwwdjdvahtilqxmicom,bhuvlipbh
471,lccinojukmpwh,lccinojukmpwhdjhpenxspdglid@gmailcom,3265627383,wwwlccinojukmpwhcom,bhuvlipbh
548,mjkivbbruuj,mjkivbbruujunwkxndumrih@gmailcom,1271265718,wwwmjkivbbruujcom,bhuvlipbh
570,qmafimoamh,qmafimoamhlofiufoeuql@gmailcom,8168868073,wwwqmafimoamhcom,bhuvlipbh
642,irdxqbyufg,irdxqbyufgqbymnqrgfnd@gmailcom,210877737,wwwirdxqbyufgcom,bhuvlipbh
675,kslahhijslxrb,kslahhijslxrbxctkxxtrpvebja@gmailcom,4500542532,wwwkslahhijslxrbcom,bhuvlipbh
772,cikhvdfxny,cikhvdfxnyjhgrjmdcyxw@gmailcom,2513675726,wwwcikhvdfxnycom,bhuvlipbh
779,jkkrpgu,jkkrpgunaqofsuf@gmailcom,2061821347,wwwjkkrpgucom,bhuvlipbh
908,dyisnbbbosc,dyisnbbboscsxdkbthfpyii@gmailcom,450687810,wwwdyisnbbbosccom,bhuvlipbh
919,fxogelt,fxogeltfqwfnqvc@gmailcom,162212233,wwwfxogeltcom,bhuvlipbh
10,nvobswmfa,nvobswmfawrhlwybqqq@gmailcom,7048682241,wwwnvobswmfacom,bjsrekgtihgala
115,ceioxcesnnv,ceioxcesnnvtjrcvhqlxpcf@gmailcom,8366860857,wwwceioxcesnnvcom,bjsrekgtihgala
256,belvudf,belvudfjdqsnfpb@gmailcom,7685063221,wwwbelvudfcom,bjsrekgtihgala
266,qyjhmi,qyjhmitsoicnt@gmailcom,33808023,wwwqyjhmicom,bjsrekgtihgala
354,utngisdiif,utngisdiifwdfpwmhayab@gmailcom,2641721213,wwwutngisdiifcom,bjsrekgtihgala
438,knkbisr,knkbisrptdowwdn@gmailcom,3684775281,wwwknkbisrcom,bjsrekgtihgala
550,hyvjnonm,hyvjnonmilcovqneh@gmailcom,515347888,wwwhyvjnonmcom,bjsrekgtihgala
565,kmdcluqc,kmdcluqclprmghumt@gmailcom,4777804310,wwwkmdcluqccom,bjsrekgtihgala
24,xyhcwxtmpgm,xyhcwxtmpgmxsbsscdxsfep@gmailcom,2133838077,wwwxyhcwxtmpgmcom,cccqsu
55,kmwhjukknla,kmwhjukknlaxlipdbrmicfo@gmailcom,3133544573,wwwkmwhjukknlacom,cccqsu
158,bgldwkmetypiq,bgldwkmetypiqduehyoecfehdxy@gmailcom,2130843767,wwwbgldwkmetypiqcom,cccqsu
261,wkycokfcdjvfce,wkycokfcdjvfcexaunnukfiepdkca@gmailcom,263182884,wwwwkycokfcdjvfcecom,cccqsu
306,vxvlcxtg,vxvlcxtgtpgugbjxe@gmailcom,6672611111,wwwvxvlcxtgcom,cccqsu
322,rcaxegdndu,rcaxegdnduvlijwgilmsh@gmailcom,1030546070,wwwrcaxegdnducom,cccqsu
552,dpnnsxr,dpnnsxrqjbskfbk@gmailcom,6744273734,wwwdpnnsxrcom,cccqsu
614,lhmuidpny,lhmuidpnyutxyrcfixx@gmailcom,7123465227,wwwlhmuidpnycom,cccqsu
787,thseqcjwmrlr,thseqcjwmrlrtrcijrqdnsddl@gmailcom,3171508623,wwwthseqcjwmrlrcom,cccqsu
888,kplkobnjne,kplkobnjnelgsrtiwwyec@gmailcom,2725862510,wwwkplkobnjnecom,cccqsu
960,gvsxel,gvsxelsyyjuud@gmailcom,4666677341,wwwgvsxelcom,cccqsu
963,hksbvkididlv,hksbvkididlvrdhvaitydsrxo@gmailcom,5842784672,wwwhksbvkididlvcom,cccqsu
964,ynoeycontk,ynoeycontkynwbaqjxhyk@gmailcom,6278626253,wwwynoeycontkcom,cccqsu
95,tfehihleypajff,tfehihleypajffxicguhvobwwqayi@gmailcom,2650010763,wwwtfehihleypajffcom,ckkygmcw
371,jhddqhipgtvxs,jhddqhipgtvxsenxrncxkwvdktg@gmailcom,5126417108,wwwjhddqhipgtvxscom,ckkygmcw
751,mcsuvibik,mcsuvibikncgmbacadh@gmailcom,7826608508,wwwmcsuvibikcom,ckkygmcw
896,hpkphidryxpyut,hpkphidryxpyutwnybqlgnwmhejyw@gmailcom,3726806221,wwwhpkphidryxpyutcom,ckkygmcw
119,xhugpxoykxwec,xhugpxoykxwecbxpxmoheldonpq@gmailcom,5620422128,wwwxhugpxoykxweccom,cljlufkgab
295,cqeymiswtx,cqeymiswtxohjmktuoost@gmailcom,2007836832,wwwcqeymiswtxcom,cljlufkgab
620,xexovfl,xexovflbgshmtsa@gmailcom,733500084,wwwxexovflcom,cljlufkgab
668,vxndbdcocupjd,vxndbdcocupjdmrjvxbudnnkhok@gmailcom,3645102522,wwwvxndbdcocupjdcom,cljlufkgab
814,icaylkuwoe,icaylkuwoehflulrejjsu@gmailcom,8220028404,wwwicaylkuwoecom,cljlufkgab
864,kxevhfqxmiilo,kxevhfqxmiilogbjrqkklhyajdx@gmailcom,2440700836,wwwkxevhfqxmiilocom,cljlufkgab
45,mdnmqdnkbwxhn,mdnmqdnkbwxhnkefoeddiapdyni@gmailcom,5477520361,wwwmdnmqdnkbwxhncom,clkwyejyflmngxc
162,bfvofewyroerpt,bfvofewyroerptyhjfxogostxxjbc@gmailcom,5242146626,wwwbfvofewyroerptcom,clkwyejyflmngxc
337,rjceybhevpflbn,rjceybhevpflbnihodwiuomqjapms@gmailcom,1536842351,wwwrjceybhevpflbncom,clkwyejyflmngxc
490,xdpwwwkllayjlu,xdpwwwkllayjlusmedkxyjprrxkoe@gmailcom,7833711087,wwwxdpwwwkllayjlucom,clkwyejyflmngxc
504,tuygquhjssosti,tuygquhjssostinbniluslkxwruxe@gmailcom,2780831773,wwwtuygquhjssosticom,clkwyejyflmngxc
508,rbelhoqgygck,rbelhoqgygckleifhpmsoqtoj@gmailcom,4674446572,wwwrbelhoqgygckcom,clkwyejyflmngxc
563,tnqesiukywyosi,tnqesiukywyosirxmaspcibvvmvtd@gmailcom,1454884725,wwwtnqesiukywyosicom,clkwyejyflmngxc
612,kqsrhijefpxs,kqsrhijefpxswrxhktqcaghqb@gmailcom,5480260803,wwwkqsrhijefpxscom,clkwyejyflmngxc
665,rqurddgvyhgwg,rqurddgvyhgwgwilsrooaqqtgaw@gmailcom,3841232882,wwwrqurddgvyhgwgcom,clkwyejyflmngxc
669,foqjlvlsfbwmgw,foqjlvlsfbwmgwkteskhvltgbghvu@gmailcom,8123583778,wwwfoqjlvlsfbwmgwcom,clkwyejyflmngxc
761,lextmd,lextmdunycrjp@gmailcom,2732777636,wwwlextmdcom,clkwyejyflmngxc
805,qukwjmifomy,qukwjmifomyjbtsmrwxpjcm@gmailcom,4861538271,wwwqukwjmifomycom,clkwyejyflmngxc
906,fuyxxx,fuyxxxksmdens@gmailcom,6645372582,wwwfuyxxxcom,clkwyejyflmngxc
70,nwssjvy,nwssjvyekpjhifa@gmailcom,1821153286,wwwnwssjvycom,cmrgxylnapeq
232,owafsyfqlkp,owafsyfqlkpsmfcrarnqcsh@gmailcom,7018737018,wwwowafsyfqlkpcom,cmrgxylnapeq
252,tmpubhqqkqnky,tmpubhqqkqnkybmegnfmyxlvrjw@gmailcom,7771164382,wwwtmpubhqqkqnkycom,cmrgxylnapeq
259,jwoayki,jwoaykiwnlngyww@gmailcom,4142825526,wwwjwoaykicom,cmrgxylnapeq
329,tibrje,tibrjeqfjreeh@gmailcom,4575337550,wwwtibrjecom,cmrgxylnapeq
539,eqaffe,eqaffejypqvcs@gmailcom,2100787448,wwweqaffecom,cmrgxylnapeq
556,ohnjfvm,ohnjfvmrggyqvdp@gmailcom,287516477,wwwohnjfvmcom,cmrgxylnapeq
613,fmjadcnrf,fmjadcnrfvylukwcfnx@gmailcom,8121565211,wwwfmjadcnrfcom,cmrgxylnapeq
680,jwugynvqorcexn,jwugynvqorcexnpbiholkknughvxa@gmailcom,5713132354,wwwjwugynvqorcexncom,cmrgxylnapeq
784,hqhygjenn,hqhygjennyouamfoglo@gmailcom,6213224668,wwwhqhygjenncom,cmrgxylnapeq
851,shyvsbpmeid,shyvsbpmeidwxukwtvdbsbr@gmailcom,8528876510,wwwshyvsbpmeidcom,cmrgxylnapeq
1,fhmlfvubryli,fhmlfvubryliefqapyhsdvxvb@gmailcom,7732813431,wwwfhmlfvubrylicom,cmubxkmug
16,phtaijcp,phtaijcphjxjjcmgl@gmailcom,1408224438,wwwphtaijcpcom,cmubxkmug
21,kfmeljrqbacrs,kfmeljrqbacrstxlgvitpdtkdlj@gmailcom,2670654700,wwwkfmeljrqbacrscom,cmubxkmug
72,cstwjga,cstwjgacpmwsjvn@gmailcom,2804001856,wwwcstwjgacom,cmubxkmug
141,owdyumrmfe,owdyumrmfejmpnlhbrhvv@gmailcom,1088243116,wwwowdyumrmfecom,cmubxkmug
344,mhobdemijauqf,mhobdemijauqfmoowemwguanllg@gmailcom,433602658,wwwmhobdemijauqfcom,cmubxkmug
370,brjgwjqaymtel,brjgwjqaymtelrpdhwphqrcafrp@gmailcom,2282758863,wwwbrjgwjqaymtelcom,cmubxkmug
423,kgpkyabokmo,kgpkyabokmohrldbkeryjdh@gmailcom,3342370487,wwwkgpkyabokmocom,cmubxkmug
466,sidwapnfk,sidwapnfkofmydeqoop@gmailcom,4863141370,wwwsidwapnfkcom,cmubxkmug
637,pggpnpnju,pggpnpnjuqqsykhixeq@gmailcom,3014025082,wwwpggpnpnjucom,cmubxkmug
744,mnlhqnicrqdl,mnlhqnicrqdljiiynpxwnrnoh@gmailcom,7235604338,wwwmnlhqnicrqdlcom,cmubxkmug
803,iphjajpdy,iphjajpdyklndklmahh@gmailcom,4352273801,wwwiphjajpdycom,cmubxkmug
945,icmjbppiu,icmjbppiutmdbnodvfh@gmailcom,513734816,wwwicmjbppiucom,cmubxkmug
87,pobfjgid,pobfjgidpvmsurwld@gmailcom,1861021312,wwwpobfjgidcom,cngsubhnklcy
173,galwtls,galwtlstvjmmhsh@gmailcom,4225437114,wwwgalwtlscom,cngsubhnklcy
269,rrqljhuwu,rrqljhuwutscppxvisw@gmailcom,688644103,wwwrrqljhuwucom,cngsubhnklcy
327,jpgdqyfmlj,jpgdqyfmljlbhawdliajl@gmailcom,7442521817,wwwjpgdqyfmljcom,cngsubhnklcy
359,stqsbksa,stqsbksaaikeiexll@gmailcom,3547166848,wwwstqsbksacom,cngsubhnklcy
464,waynmojwrqfy,waynmojwrqfykuyjuqlqqcixj@gmailcom,4628733066,wwwwaynmojwrqfycom,cngsubhnklcy
566,eflpotvravk,eflpotvravklioudpurceub@gmailcom,1426221804,wwweflpotvravkcom,cngsubhnklcy
636,wuacwf,wuacwfqqeutqx@gmailcom,3136200353,wwwwuacwfcom,cngsubhnklcy
743,imqeoukc,imqeoukcojthxexjh@gmailcom,7884147636,wwwimqeoukccom,cngsubhnklcy
844,fwsevcvuo,fwsevcvuoqxpghuohcb@gmailcom,6685507673,wwwfwsevcvuocom,cngsubhnklcy
917,pvpsmdt,pvpsmdtuvvkxgea@gmailcom,6445508667,wwwpvpsmdtcom,cngsubhnklcy
276,ncmjde,ncmjdeixabnhr@gmailcom,4046851104,wwwncmjdecom,cykxynam
413,iefymj,iefymjkkwcxes@gmailcom,3843653555,wwwiefymjcom,cykxynam
437,ygllojhunldv,ygllojhunldvffaogrwskhaxh@gmailcom,266752468,wwwygllojhunldvcom,cykxynam
440,vnoiujxnyp,vnoiujxnypewsxvbtwqhl@gmailcom,6358735401,wwwvnoiujxnypcom,cykxynam
495,wugcxl,wugcxlwifnsrg@gmailcom,3648811434,wwwwugcxlcom,cykxynam
525,lrsskavm,lrsskavmfimvkwsrv@gmailcom,2752058020,wwwlrsskavmcom,cykxynam
667,aitqhuouwyb,aitqhuouwybauureqnamyvc@gmailcom,2354568260,wwwaitqhuouwybcom,cykxynam
755,vfjbqdwwinrkkl,vfjbqdwwinrkklyaqolfolvvtcknx@gmailcom,5134713872,wwwvfjbqdwwinrkklcom,cykxynam
869,ehogexeowfjk,ehogexeowfjksagklikaqdmmm@gmailcom,3026646303,wwwehogexeowfjkcom,cykxynam
875,eljhynxwiox,eljhynxwioxjoixalncrjqd@gmailcom,4310543155,wwweljhynxwioxcom,cykxynam
102,yqwnsrrq,yqwnsrrqypwqsxarh@gmailcom,1457882313,wwwyqwnsrrqcom,dandrsghw
376,unyuwdfwljuaob,unyuwdfwljuaobyntxjpbreksxixg@gmailcom,2037818743,wwwunyuwdfwljuaobcom,dandrsghw
378,hbddsjexb,hbddsjexbxbottokvpd@gmailcom,6086678531,wwwhbddsjexbcom,dandrsghw
545,cascglvbdyyw,cascglvbdyywdeaigsnepkgef@gmailcom,1770068210,wwwcascglvbdyywcom,dandrsghw
647,bujxbq,bujxbqrrgcoac@gmailcom,783472150,wwwbujxbqcom,dandrsghw
653,lcqkpnyac,lcqkpnyacmlswjptxfl@gmailcom,5487204627,wwwlcqkpnyaccom,dandrsghw
834,fnvtdcvwileua,fnvtdcvwileuaevrjfeufwdxuof@gmailcom,7557452110,wwwfnvtdcvwileuacom,dandrsghw
860,qsfniikreqjcgb,qsfniikreqjcgbrtlxasceftxgfdu@gmailcom,6508855448,wwwqsfniikreqjcgbcom,dandrsghw
874,ncvadxlioyatlj,ncvadxlioyatljbarhrcxsyegrlbg@gmailcom,2146505821,wwwncvadxlioyatljcom,dandrsghw
118,ixamsjgylj,ixamsjgyljesmcrlxukpp@gmailcom,3866577205,wwwixamsjgyljcom,dcehrigdbex
159,rvhlwhojpelnuo,rvhlwhojpelnuoewufebhkagxyabc@gmailcom,8147178407,wwwrvhlwhojpelnuocom,dcehrigdbex
203,tppuuusig,tppuuusigrrxiaaljim@gmailcom,3627752263,wwwtppuuusigcom,dcehrigdbex
230,typlcs,typlcspgtxvxu@gmailcom,2358731638,wwwtyplcscom,dcehrigdbex
238,aqwcuricnd,aqwcuricnddmwdlsypadg@gmailcom,4730661450,wwwaqwcuricndcom,dcehrigdbex
320,kqjfbdilivckbk,kqjfbdilivckbkvijeqhfpwbkpqwv@gmailcom,7145637611,wwwkqjfbdilivckbkcom,dcehrigdbex
542,yaidbqunoyydf,yaidbqunoyydfcumiswcqmavgec@gmailcom,2208234204,wwwyaidbqunoyydfcom,dcehrigdbex
122,gkaxbaffiqopw,gkaxbaffiqopwdwwxodfaaqhfhk@gmailcom,1157215117,wwwgkaxbaffiqopwcom,dhnpechllky
263,xtmocy,xtmocykuhrtps@gmailcom,4251265652,wwwxtmocycom,dhnpechllky
270,xgyddklgkv,xgyddklgkvlvopdafhbol@gmailcom,1710782303,wwwxgyddklgkvcom,dhnpechllky
286,kgqnaup,kgqnaupnoucljlq@gmailcom,5588512707,wwwkgqnaupcom,dhnpechllky
375,wibnlsjjysr,wibnlsjjysrdyqlwwqvsgoi@gmailcom,2466678370,wwwwibnlsjjysrcom,dhnpechllky
507,hundlnklhd,hundlnklhdfmxitumwgev@gmailcom,874216448,wwwhundlnklhdcom,dhnpechllky
953,ugylmbei,ugylmbeiedpvgdfuk@gmailcom,5660181331,wwwugylmbeicom,dhnpechllky
65,ffkwhq,ffkwhqplaitpk@gmailcom,5780121036,wwwffkwhqcom,dihklngjnsdy
190,uibaovq,uibaovqcpkbgfgs@gmailcom,8118263661,wwwuibaovqcom,dihklngjnsdy
299,nijfoewcxfi,nijfoewcxfilglugquaowqd@gmailcom,3302882083,wwwnijfoewcxficom,dihklngjnsdy
355,xyiijxvi,xyiijxviyppqljuhb@gmailcom,183632473,wwwxyiijxvicom,dihklngjnsdy
369,ybpwaa,ybpwaaqbikhcw@gmailcom,7661104253,wwwybpwaacom,dihklngjnsdy
456,ngrgjralxxwdk,ngrgjralxxwdkfftexpehhsopdi@gmailcom,8738648561,wwwngrgjralxxwdkcom,dihklngjnsdy
567,oxnklwvb,oxnklwvburihmsapn@gmailcom,2037258408,wwwoxnklwvbcom,dihklngjnsdy
623,bcpxxi,bcpxxiknueear@gmailcom,3702750825,wwwbcpxxicom,dihklngjnsdy
686,dtqaltrsgq,dtqaltrsgqtclrxcxdytj@gmailcom,5118534854,wwwdtqaltrsgqcom,dihklngjnsdy
731,vxlnnmiimvvkh,vxlnnmiimvvkhnphonubprkwxka@gmailcom,7716172622,wwwvxlnnmiimvvkhcom,dihklngjnsdy
733,jxnmeddfguf,jxnmeddfgufshoaksbrosjy@gmailcom,3573438455,wwwjxnmeddfgufcom,dihklngjnsdy
879,ybwrrxvqunxrdu,ybwrrxvqunxrduucbgcotyoxpswoq@gmailcom,8712401071,wwwybwrrxvqunxrducom,dihklngjnsdy
201,kunfrbxwedhs,kunfrbxwedhshmuulrarrxomw@gmailcom,7345128621,wwwkunfrbxwedhscom,dkygfaseoaoj
250,qepldvypc,qepldvypcqsjcbcpdsn@gmailcom,5685350115,wwwqepldvypccom,dkygfaseoaoj
287,lvqioyaitvhhth,lvqioyaitvhhthbfubwbefqqjpioo@gmailcom,8855088140,wwwlvqioyaitvhhthcom,dkygfaseoaoj
310,piyewuj,piyewujensypmqh@gmailcom,2384336720,wwwpiyewujcom,dkygfaseoaoj
328,udhslidttuqy,udhslidttuqyegqunfbkuhlfe@gmailcom,6657213424,wwwudhslidttuqycom,dkygfaseoaoj
459,hlnafmhdalmo,hlnafmhdalmodbrlbwqvlcmdr@gmailcom,8077436786,wwwhlnafmhdalmocom,dkygfaseoaoj
898,ihsqwslgej,ihsqwslgejgouhodiugaj@gmailcom,7841340873,wwwihsqwslgejcom,dkygfaseoaoj
913,nniekfsw,nniekfswjdycligvg@gmailcom,5388578856,wwwnniekfswcom,dkygfaseoaoj
940,cueamaaepkuj,cueamaaepkujjhqgsmrjnjbjc@gmailcom,6047155713,wwwcueamaaepkujcom,dkygfaseoaoj
948,cqfimloqjivpt,cqfimloqjivptkmhdmhxhyhsmol@gmailcom,7305033168,wwwcqfimloqjivptcom,dkygfaseoaoj
973,apfrcdmqgtbtl,apfrcdmqgtbtliqqnjtnrxdogew@gmailcom,4264034772,wwwapfrcdmqgtbtlcom,dkygfaseoaoj
48,rbjjrw,rbjjrwktifion@gmailcom,6830637217,wwwrbjjrwcom,dxcxjhy
321,ylpiytmuqx,ylpiytmuqxuvgmvdfmaeu@gmailcom,7043463327,wwwylpiytmuqxcom,dxcxjhy
352,xyqcpslmfcanjk,xyqcpslmfcanjkwioxcphgefrcthi@gmailcom,3405232312,wwwxyqcpslmfcanjkcom,dxcxjhy
419,htnevgn,htnevgnpocuvlkb@gmailcom,6016731734,wwwhtnevgncom,dxcxjhy
491,narkwrcn,narkwrcntuqbgvtns@gmailcom,3486230730,wwwnarkwrcncom,dxcxjhy
494,vhbnyeqpkf,vhbnyeqpkfyywnqwprfwa@gmailcom,3880303426,wwwvhbnyeqpkfcom,dxcxjhy
521,qmrpbvfxkq,qmrpbvfxkqugmmhuqbhpg@gmailcom,8723568565,wwwqmrpbvfxkqcom,dxcxjhy
574,kdeemrlkbdrt,kdeemrlkbdrtcnyqsdqabmpbp@gmailcom,3143242376,wwwkdeemrlkbdrtcom,dxcxjhy
645,vquuajskg,vquuajskgvvibrtrspb@gmailcom,1116550475,wwwvquuajskgcom,dxcxjhy
712,uobfxhfdivor,uobfxhfdivorpslqrbkkfxbni@gmailcom,2468206717,wwwuobfxhfdivorcom,dxcxjhy
713,bluomuhhrwsbu,bluomuhhrwsbuhmdpawsruitgma@gmailcom,8481143167,wwwbluomuhhrwsbucom,dxcxjhy
740,iayilys,iayilysmuhwaaft@gmailcom,1006321601,wwwiayilyscom,dxcxjhy
26,vtvnvy,vtvnvyhgtsucw@gmailcom,5768333800,wwwvtvnvycom,edpeie
50,gjqhorlqbw,gjqhorlqbwqmusfhsjqoi@gmailcom,6183311368,wwwgjqhorlqbwcom,edpeie
114,xssmpxiexquw,xssmpxiexquwvjytixokaoijr@gmailcom,7263722716,wwwxssmpxiexquwcom,edpeie
171,xecwdguctunxa,xecwdguctunxamrrwhrkopdeink@gmailcom,1408232730,wwwxecwdguctunxacom,edpeie
530,dsfhcjigdepbb,dsfhcjigdepbbdomqdxxhnfcbis@gmailcom,7452433242,wwwdsfhcjigdepbbcom,edpeie
564,ohvmbt,ohvmbtrvoolpb@gmailcom,1053345857,wwwohvmbtcom,edpeie
621,xuxvqddi,xuxvqddiwgpscwymg@gmailcom,8562234514,wwwxuxvqddicom,edpeie
673,dcpfwuidcki,dcpfwuidckifptfeyyavrut@gmailcom,7551464056,wwwdcpfwuidckicom,edpeie
735,gbyudutxph,gbyudutxphhamisdslkig@gmailcom,6501844874,wwwgbyudutxphcom,edpeie
768,ptvkdlbbfw,ptvkdlbbfwqswfpyhhfsl@gmailcom,4080571480,wwwptvkdlbbfwcom,edpeie
984,ffsarqkkhgi,ffsarqkkhgicnjjsthfgbhp@gmailcom,8683787628,wwwffsarqkkhgicom,edpeie
538,bbmikkwe,bbmikkwescvuiciwv@gmailcom,5464361866,wwwbbmikkwecom,efuxcqscagkbr
578,fjyqmasbhag,fjyqmasbhagfaopecxbowbv@gmailcom,3463561244,wwwfjyqmasbhagcom,efuxcqscagkbr
632,wabtyqj,wabtyqjdfljkoux@gmailcom,6273620642,wwwwabtyqjcom,efuxcqscagkbr
670,krosusrtl,krosusrtlqhaqagnarw@gmailcom,4543826123,wwwkrosusrtlcom,efuxcqscagkbr
882,lmixuiej,lmixuiejaglwsxwsq@gmailcom,2512576714,wwwlmixuiejcom,efuxcqscagkbr
904,womiesn,womiesnopjeixig@gmailcom,1524350080,wwwwomiesncom,efuxcqscagkbr
88,eyqbwcupclull,eyqbwcupclullfberbthcjnhmfb@gmailcom,1346086702,wwweyqbwcupclullcom,ekboimjymq
264,yxunparecjlh,yxunparecjlhppsxmyiuyqhxa@gmailcom,2108503165,wwwyxunparecjlhcom,ekboimjymq
279,fiwnpth,fiwnpthqmigbkvg@gmailcom,874637224,wwwfiwnpthcom,ekboimjymq
430,vpgeraj,vpgerajpmvxktmq@gmailcom,5005681536,wwwvpgerajcom,ekboimjymq
584,reairnhrvcl,reairnhrvclsgmbvmhxyqjq@gmailcom,2577453351,wwwreairnhrvclcom,ekboimjymq
599,cubfmt,cubfmtinfjnwb@gmailcom,242346338,wwwcubfmtcom,ekboimjymq
848,ohwowdobsq,ohwowdobsqhycuewhbuof@gmailcom,2221141318,wwwohwowdobsqcom,ekboimjymq
854,bdnhxc,bdnhxcoqafyld@gmailcom,7418350840,wwwbdnhxccom,ekboimjymq
922,raedhmsloobryl,raedhmsloobryljdxshuyhuiqrgxi@gmailcom,2473078102,wwwraedhmsloobrylcom,ekboimjymq
924,uwthut,uwthutvuapanu@gmailcom,7888665830,wwwuwthutcom,ekboimjymq
937,xjjide,xjjideaobiajc@gmailcom,2445777375,wwwxjjidecom,ekboimjymq
103,gtohgnpimanvb,gtohgnpimanvbqvymplxmdadhxm@gmailcom,5352733851,wwwgtohgnpimanvbcom,eurnxg
146,nbfdcmocsy,nbfdcmocsygsxixbutfkm@gmailcom,261884452,wwwnbfdcmocsycom,eurnxg
294,btnrvt,btnrvtjorcpyg@gmailcom,8251816072,wwwbtnrvtcom,eurnxg
297,intxnpqplx,intxnpqplxgitwqsqftoc@gmailcom,6250228530,wwwintxnpqplxcom,eurnxg
307,ddygkrukwgbo,ddygkrukwgboxjcirfoudnsdg@gmailcom,8325144043,wwwddygkrukwgbocom,eurnxg
410,fsmhmecf,fsmhmecfhqivlmrct@gmailcom,1278404238,wwwfsmhmecfcom,eurnxg
555,xbxomwtxxu,xbxomwtxxugccroiquexv@gmailcom,281015864,wwwxbxomwtxxucom,eurnxg
688,jfwedwgnpej,jfwedwgnpejrlycvrslcqjk@gmailcom,5336088757,wwwjfwedwgnpejcom,eurnxg
689,jpvjdaui,jpvjdauigxjelrorf@gmailcom,5843067047,wwwjpvjdauicom,eurnxg
715,xobrikmqe,xobrikmqeluigdnfasq@gmailcom,4021362062,wwwxobrikmqecom,eurnxg
758,iodrteuqvkb,iodrteuqvkbjdjtynjvhkef@gmailcom,802041844,wwwiodrteuqvkbcom,eurnxg
763,mlpkhhnhyvwpy,mlpkhhnhyvwpyfnijrcjwwpsetc@gmailcom,7727865113,wwwmlpkhhnhyvwpycom,eurnxg
791,pmywjanhs,pmywjanhshtiwwdqouy@gmailcom,1510812402,wwwpmywjanhscom,eurnxg
796,rthhopitburkdq,rthhopitburkdqiwhxytfcujxcmaw@gmailcom,5068603131,wwwrthhopitburkdqcom,eurnxg
815,josvpyhw,josvpyhwvramtxavs@gmailcom,467148843,wwwjosvpyhwcom,eurnxg
833,bioexfaxytvdbx,bioexfaxytvdbxyplgwuhwcgpalio@gmailcom,3410085667,wwwbioexfaxytvdbxcom,eurnxg
39,ocmtjukyw,ocmtjukywxfmjbvfblp@gmailcom,1438301326,wwwocmtjukywcom,evvptlntf
51,vdcmcigwqljs,vdcmcigwqljsxuifqdtvppjmo@gmailcom,2262780235,wwwvdcmcigwqljscom,evvptlntf
449,tjmsbn,tjmsbngygpqsr@gmailcom,7760480615,wwwtjmsbncom,evvptlntf
661,gvawuyflarlslp,gvawuyflarlslpkuwlexicffyhmye@gmailcom,7873602222,wwwgvawuyflarlslpcom,evvptlntf
671,eyurgxlck,eyurgxlckxqfysjswpc@gmailcom,8105852008,wwweyurgxlckcom,evvptlntf
830,ulumybb,ulumybbuxssyhdi@gmailcom,2453203852,wwwulumybbcom,evvptlntf
899,pxanxb,pxanxbgyrxtxn@gmailcom,2513874706,wwwpxanxbcom,evvptlntf
969,fwsuwpi,fwsuwpivfwhgbjw@gmailcom,784786224,wwwfwsuwpicom,evvptlntf
53,qaeeld,qaeeldjbafbbw@gmailcom,6266417582,wwwqaeeldcom,fnvjlabc
108,eiygqexgy,eiygqexgydptgyhtugg@gmailcom,4212637828,wwweiygqexgycom,fnvjlabc
280,rxiceg,rxiceghcvvjbh@gmailcom,2247425301,wwwrxicegcom,fnvjlabc
557,xkljyqaaykak,xkljyqaaykakncophklkkegoo@gmailcom,6687231840,wwwxkljyqaaykakcom,fnvjlabc
635,fdvddblboifnp,fdvddblboifnplmrwphfahgfnvv@gmailcom,5427736240,wwwfdvddblboifnpcom,fnvjlabc
640,sesirh,sesirhjxurwjd@gmailcom,8674753482,wwwsesirhcom,fnvjlabc
956,lqalrbsufyec,lqalrbsufyecshceernyyfbep@gmailcom,6046882452,wwwlqalrbsufyeccom,fnvjlabc
110,wdjknihlhr,wdjknihlhrhibtqqnrvyg@gmailcom,5632873784,wwwwdjknihlhrcom,fuxcvunfcwiqtu
149,qwhdvdbxdktrx,qwhdvdbxdktrxmkvscosjilmdua@gmailcom,7370648812,wwwqwhdvdbxdktrxcom,fuxcvunfcwiqtu
211,pchiphltbgruhf,pchiphltbgruhfujeyyyrjmvxpxsy@gmailcom,8101150383,wwwpchiphltbgruhfcom,fuxcvunfcwiqtu
227,qxgoqlt,qxgoqltttanvqwn@gmailcom,8264825786,wwwqxgoqltcom,fuxcvunfcwiqtu
298,rgmuojrkojyb,rgmuojrkojybbwwpuknekqetp@gmailcom,5854275104,wwwrgmuojrkojybcom,fuxcvunfcwiqtu
446,nrhqktbsiwqp,nrhqktbsiwqpplcxreqwsytpj@gmailcom,7116087611,wwwnrhqktbsiwqpcom,fuxcvunfcwiqtu
725,hplpjhyuuul,hplpjhyuuulxndwujdhokyp@gmailcom,7426100207,wwwhplpjhyuuulcom,fuxcvunfcwiqtu
771,llnsvbwtheemev,llnsvbwtheemevqaouqtrcmkflqtf@gmailcom,6672112238,wwwllnsvbwtheemevcom,fuxcvunfcwiqtu
858,lrrtltiuty,lrrtltiutybxcdlfwmsrk@gmailcom,524782443,wwwlrrtltiutycom,fuxcvunfcwiqtu
994,jmhbdefyeuvbo,jmhbdefyeuvbogcjmmrmxcjkirt@gmailcom,5777276744,wwwjmhbdefyeuvbocom,fuxcvunfcwiqtu
184,vrusqsdk,vrusqsdkgqhjgixpw@gmailcom,1681453348,wwwvrusqsdkcom,fxeguwlg
207,vwmruuymmvd,vwmruuymmvdfxeirpcufvyo@gmailcom,7011350887,wwwvwmruuymmvdcom,fxeguwlg
414,urtrlxnr,urtrlxnrsqivoannh@gmailcom,7233283667,wwwurtrlxnrcom,fxeguwlg
527,tmucicdad,tmucicdaduvsepvekpm@gmailcom,6887276306,wwwtmucicdadcom,fxeguwlg
543,xgjopxopimo,xgjopxopimotgwnilkjamtp@gmailcom,1002130780,wwwxgjopxopimocom,fxeguwlg
603,kcloxyuutnpfdp,kcloxyuutnpfdpqfkkesmypbfbhuc@gmailcom,211306841,wwwkcloxyuutnpfdpcom,fxeguwlg
657,ucqthnrlwe,ucqthnrlweoivghmpwifp@gmailcom,6867258423,wwwucqthnrlwecom,fxeguwlg
741,yicnftkvajc,yicnftkvajcxsqydmxcpodl@gmailcom,7185731545,wwwyicnftkvajccom,fxeguwlg
824,cjuyekamqv,cjuyekamqvkcxmleekrve@gmailcom,1766121472,wwwcjuyekamqvcom,fxeguwlg
25,bjyncatcsi,bjyncatcsidbmfowhmrwe@gmailcom,3773431431,wwwbjyncatcsicom,fysjvecb
186,kbfhqrqvweod,kbfhqrqvweodsjrcisjdvodos@gmailcom,4710804801,wwwkbfhqrqvweodcom,fysjvecb
231,bgtjgor,bgtjgormdlosxqf@gmailcom,5517205157,wwwbgtjgorcom,fysjvecb
333,cfyjhk,cfyjhkefbcrax@gmailcom,2772363226,wwwcfyjhkcom,fysjvecb
540,gtalgjmygn,gtalgjmygndmqxynujwcn@gmailcom,1712480405,wwwgtalgjmygncom,fysjvecb
609,jxkjguoawoshsa,jxkjguoawoshsarucdcduwivmikqy@gmailcom,6063073258,wwwjxkjguoawoshsacom,fysjvecb
627,abfypbqupf,abfypbqupfnmtjmflhqyg@gmailcom,8311566030,wwwabfypbqupfcom,fysjvecb
260,qnnntuqykw,qnnntuqykwafcqasvpwsh@gmailcom,1866672276,wwwqnnntuqykwcom,gatmjocbvdvjctj
267,mvrafojwp,mvrafojwpjmnoqhdvyo@gmailcom,6245032171,wwwmvrafojwpcom,gatmjocbvdvjctj
308,kgygdck,kgygdcklmxnqans@gmailcom,1556615808,wwwkgygdckcom,gatmjocbvdvjctj
427,rkhwtlr,rkhwtlrswietmdx@gmailcom,174326588,wwwrkhwtlrcom,gatmjocbvdvjctj
486,cckxxcn,cckxxcnpbpundwx@gmailcom,5521161767,wwwcckxxcncom,gatmjocbvdvjctj
606,jaqyiwuervnegf,jaqyiwuervnegfakowsmxfoffjwjv@gmailcom,754031633,wwwjaqyiwuervnegfcom,gatmjocbvdvjctj
648,ivbhnb,ivbhnbnchpalo@gmailcom,2517380820,wwwivbhnbcom,gatmjocbvdvjctj
706,kdfsgrxjufsor,kdfsgrxjufsorfqolovfoqwfiyk@gmailcom,203218626,wwwkdfsgrxjufsorcom,gatmjocbvdvjctj
730,ppqnkwhvwei,ppqnkwhvweisqesxejcrrku@gmailcom,5606826671,wwwppqnkwhvweicom,gatmjocbvdvjctj
765,ujpaauuhuhdkgt,ujpaauuhuhdkgtfxyhmxhqwiljuoh@gmailcom,3042056687,wwwujpaauuhuhdkgtcom,gatmjocbvdvjctj
789,cgdrvjqwqoy,cgdrvjqwqoyrkkvagqsarpm@gmailcom,7184816036,wwwcgdrvjqwqoycom,gatmjocbvdvjctj
912,qudjjbaxsgghqa,qudjjbaxsgghqakothehpklgprlbq@gmailcom,3003503518,wwwqudjjbaxsgghqacom,gatmjocbvdvjctj
49,qqjchlidpascf,qqjchlidpascfofjutjgsquxdlr@gmailcom,8032822806,wwwqqjchlidpascfcom,grrlarpenxxwd
130,ucatsiqjpow,ucatsiqjpowgonpwnndgwwf@gmailcom,220240501,wwwucatsiqjpowcom,grrlarpenxxwd
191,lmkrjdlk,lmkrjdlkjsxfsrgwe@gmailcom,3871132256,wwwlmkrjdlkcom,grrlarpenxxwd
289,qdcwvncswtlmr,qdcwvncswtlmrvcjlgdredahmpr@gmailcom,3757347485,wwwqdcwvncswtlmrcom,grrlarpenxxwd
481,mykmjucfr,mykmjucfrjpgruqxlym@gmailcom,7378354265,wwwmykmjucfrcom,grrlarpenxxwd
587,pbdtjtphqcjxr,pbdtjtphqcjxrhesaypqbsqylxb@gmailcom,7438507327,wwwpbdtjtphqcjxrcom,grrlarpenxxwd
617,lrstuwj,lrstuwjmgmgqecy@gmailcom,7765433876,wwwlrstuwjcom,grrlarpenxxwd
701,aqokpexd,aqokpexdghhqvawci@gmailcom,5636131264,wwwaqokpexdcom,grrlarpenxxwd
911,odcldavbnlqmb,odcldavbnlqmbjmtphxcgvmhxlq@gmailcom,1502406566,wwwodcldavbnlqmbcom,grrlarpenxxwd
156,nheuirtuo,nheuirtuoqiwmblwxaj@gmailcom,4318846471,wwwnheuirtuocom,gyotdcwykay
192,bebstr,bebstrjawbfqs@gmailcom,3382345120,wwwbebstrcom,gyotdcwykay
514,knukmbdribcs,knukmbdribcsntrchcpkajkjs@gmailcom,7517761577,wwwknukmbdribcscom,gyotdcwykay
583,mtamymr,mtamymrpxjnkuac@gmailcom,231655465,wwwmtamymrcom,gyotdcwykay
601,wmouvyxcp,wmouvyxcpyqaqncpkuk@gmailcom,7310671283,wwwwmouvyxcpcom,gyotdcwykay
656,kkegjvpwc,kkegjvpwcxsxphjiiwn@gmailcom,5622504108,wwwkkegjvpwccom,gyotdcwykay
867,esqesm,esqesmhmmdyhk@gmailcom,5380033273,wwwesqesmcom,gyotdcwykay
944,soqgtakffgykp,soqgtakffgykpxhucitufuflliq@gmailcom,1066636757,wwwsoqgtakffgykpcom,gyotdcwykay
121,jgclyjubu,jgclyjubufgteiugjmm@gmailcom,7438803327,wwwjgclyjubucom,hchldblmaqrkn
293,ndgmtmonqgcqrw,ndgmtmonqgcqrwyvlaigngifffpqr@gmailcom,552106006,wwwndgmtmonqgcqrwcom,hchldblmaqrkn
389,luedqs,luedqsxjumccg@gmailcom,3406642388,wwwluedqscom,hchldblmaqrkn
454,okqnltnvphwrnl,okqnltnvphwrnldawvgrqytmjqvtg@gmailcom,2318255847,wwwokqnltnvphwrnlcom,hchldblmaqrkn
634,gepykfqjnc,gepykfqjncnkmibmfujlg@gmailcom,7773751160,wwwgepykfqjnccom,hchldblmaqrkn
672,ukoevubquuqec,ukoevubquuqecmwwsenrmgptuog@gmailcom,1267837718,wwwukoevubquuqeccom,hchldblmaqrkn
699,ciduecdxnvsdhn,ciduecdxnvsdhnafhvegdwfnaancn@gmailcom,6522512221,wwwciduecdxnvsdhncom,hchldblmaqrkn
723,egraqcucdah,egraqcucdahwfamirxlcxvw@gmailcom,4763046478,wwwegraqcucdahcom,hchldblmaqrkn
990,iytwqpjwgrget,iytwqpjwgrgetiytiyxiawdfban@gmailcom,7460362685,wwwiytwqpjwgrgetcom,hchldblmaqrkn
22,kkiniyekvlr,kkiniyekvlrjuililvdbcus@gmailcom,6511567581,wwwkkiniyekvlrcom,hdqekgebug
316,xqlhyy,xqlhyyciyftxi@gmailcom,1881644036,wwwxqlhyycom,hdqekgebug
411,cpvepsejy,cpvepsejyiisgqnornv@gmailcom,7450831286,wwwcpvepsejycom,hdqekgebug
435,xrpxpbl,xrpxpblmygbuyxe@gmailcom,8441713100,wwwxrpxpblcom,hdqekgebug
450,vgcuundbaet,vgcuundbaetixbtbodrkvjg@gmailcom,5540514228,wwwvgcuundbaetcom,hdqekgebug
547,tgvyymjvuqe,tgvyymjvuqermbhnswiluev@gmailcom,8335730360,wwwtgvyymjvuqecom,hdqekgebug
644,xttmlewfpef,xttmlewfpefshfqnbayxsgp@gmailcom,401780721,wwwxttmlewfpefcom,hdqekgebug
655,veqscvtcmxwek,veqscvtcmxwekketkmwkuglxxng@gmailcom,732235266,wwwveqscvtcmxwekcom,hdqekgebug
876,srpubbki,srpubbkionrgcfwie@gmailcom,7077818227,wwwsrpubbkicom,hdqekgebug
18,oitqec,oitqecvbckfpy@gmailcom,8805008274,wwwoitqeccom,hohcvtue
60,fpqpxr,fpqpxrdreyvvm@gmailcom,5422602560,wwwfpqpxrcom,hohcvtue
365,qfaktlfvxhyu,qfaktlfvxhyummvnddgwtbajb@gmailcom,6025612836,wwwqfaktlfvxhyucom,hohcvtue
381,cmxloqrb,cmxloqrbmxkliyyhy@gmailcom,6107301177,wwwcmxloqrbcom,hohcvtue
461,xhgicjgo,xhgicjgowtwijwypq@gmailcom,3828163280,wwwxhgicjgocom,hohcvtue
509,jlukhn,jlukhnmbtrtor@gmailcom,4778121157,wwwjlukhncom,hohcvtue
554,krjcosnsjsx,krjcosnsjsxqwruqnchtduf@gmailcom,3388886883,wwwkrjcosnsjsxcom,hohcvtue
692,tipmnrx,tipmnrxdcehvlqi@gmailcom,2241382182,wwwtipmnrxcom,hohcvtue
719,jgqphjo,jgqphjodcuhvffd@gmailcom,5350246186,wwwjgqphjocom,hohcvtue
866,kpnruiii,kpnruiiieibfsyrgr@gmailcom,5807350584,wwwkpnruiiicom,hohcvtue
878,rhihlgj,rhihlgjswwsnmqm@gmailcom,8031570840,wwwrhihlgjcom,hohcvtue
926,pgfgpvukid,pgfgpvukidpuiaopjfxbg@gmailcom,5466123467,wwwpgfgpvukidcom,hohcvtue
5,ksgsljuke,ksgsljukemqroiejtpk@gmailcom,2468555780,wwwksgsljukecom,honjkqgwo
174,gqhspqrj,gqhspqrjvijdmlkvn@gmailcom,2165080608,wwwgqhspqrjcom,honjkqgwo
179,prdibfv,prdibfvnpjuofxa@gmailcom,7861626011,wwwprdibfvcom,honjkqgwo
444,hsdjykiodgpgr,hsdjykiodgpgrbmnjjvyortptqw@gmailcom,3776187257,wwwhsdjykiodgpgrcom,honjkqgwo
561,cgqqlysqow,cgqqlysqowvdejlwielpc@gmailcom,1361373667,wwwcgqqlysqowcom,honjkqgwo
861,lfaoxlexug,lfaoxlexugvifnuweikmo@gmailcom,8208807224,wwwlfaoxlexugcom,honjkqgwo
971,ujsivyqhosc,ujsivyqhoschmwnioswctay@gmailcom,6337123341,wwwujsivyqhosccom,honjkqgwo
94,gluasstmoiejfd,gluasstmoiejfdkddlisqjerqmujy@gmailcom,7566421676,wwwgluasstmoiejfdcom,hooifynydq
126,cewxyinokcsil,cewxyinokcsilkyufwdahqohlvd@gmailcom,6585441432,wwwcewxyinokcsilcom,hooifynydq
210,gstxict,gstxictfacyjstu@gmailcom,1164127451,wwwgstxictcom,hooifynydq
255,icfglrit,icfglritqspjmovef@gmailcom,8841746574,wwwicfglritcom,hooifynydq
331,wkoqwkmckjyg,wkoqwkmckjygqtbieiriyevwh@gmailcom,2533230116,wwwwkoqwkmckjygcom,hooifynydq
531,mufohcfi,mufohcfiqlpvsnbst@gmailcom,7678141640,wwwmufohcficom,hooifynydq
727,rdbmahvjfy,rdbmahvjfywjjvkkosegf@gmailcom,3874644087,wwwrdbmahvjfycom,hooifynydq
846,rytqvciiepbb,rytqvciiepbbxebdgsewoybye@gmailcom,6552163283,wwwrytqvciiepbbcom,hooifynydq
892,chilrduqirt,chilrduqirtvqfnueqbnxve@gmailcom,7300883226,wwwchilrduqirtcom,hooifynydq
958,byqeigowjl,byqeigowjlqwnoigfrxey@gmailcom,6588460505,wwwbyqeigowjlcom,hooifynydq
43,snjnogsfwaya,snjnogsfwayarnpooxyqarump@gmailcom,5461326726,wwwsnjnogsfwayacom,hrikjxqwwfas
401,ckowueqwhjvxyy,ckowueqwhjvxyywsccrhiapdfvyjx@gmailcom,1277012540,wwwckowueqwhjvxyycom,hrikjxqwwfas
465,lwhfquhnt,lwhfquhntblbmuwpqgd@gmailcom,4178464641,wwwlwhfquhntcom,hrikjxqwwfas
477,bfaptxpb,bfaptxpbgkyigsnpt@gmailcom,5408427151,wwwbfaptxpbcom,hrikjxqwwfas
544,rmwpnoavbwpm,rmwpnoavbwpmfpvbccreelgcc@gmailcom,5221283132,wwwrmwpnoavbwpmcom,hrikjxqwwfas
678,qwidrgtnfqrtt,qwidrgtnfqrttmcpcfcntstgiut@gmailcom,4253204703,wwwqwidrgtnfqrttcom,hrikjxqwwfas
702,wvmnxpqateil,wvmnxpqateilftkxkkprahild@gmailcom,7504146713,wwwwvmnxpqateilcom,hrikjxqwwfas
738,xqexkbwsitsc,xqexkbwsitsctubbmllpukuja@gmailcom,3560024482,wwwxqexkbwsitsccom,hrikjxqwwfas
792,egmujpymhbu,egmujpymhbuunpdootxlpgu@gmailcom,7443323580,wwwegmujpymhbucom,hrikjxqwwfas
194,jbhjwrgaxqe,jbhjwrgaxqeogllgxuempjc@gmailcom,8818165363,wwwjbhjwrgaxqecom,hsdrxutksg
399,jxrgrudobemwl,jxrgrudobemwlxrrkgeailcuoie@gmailcom,2163412822,wwwjxrgrudobemwlcom,hsdrxutksg
736,qekijmmhqbf,qekijmmhqbfiyfctuwtxqtt@gmailcom,2448052614,wwwqekijmmhqbfcom,hsdrxutksg
742,croxktagprlq,croxktagprlqpctaikcphqngg@gmailcom,4845770723,wwwcroxktagprlqcom,hsdrxutksg
849,stpghuxqca,stpghuxqcaxnxqwpykjjl@gmailcom,6233475715,wwwstpghuxqcacom,hsdrxutksg
927,kvvaxgla,kvvaxglabpjffccxa@gmailcom,3275155328,wwwkvvaxglacom,hsdrxutksg
17,brsvfjusyqwh,brsvfjusyqwhryuoticoxqbos@gmailcom,2460705463,wwwbrsvfjusyqwhcom,ipehuujorv
27,jhuhpf,jhuhpfxpuboua@gmailcom,5414426828,wwwjhuhpfcom,ipehuujorv
74,lamjmifhlad,lamjmifhladxvqurjomkmhs@gmailcom,6205866677,wwwlamjmifhladcom,ipehuujorv
116,ltcdvvhaqd,ltcdvvhaqdiwebmjqdjmo@gmailcom,1654828682,wwwltcdvvhaqdcom,ipehuujorv
180,uvyxsveilng,uvyxsveilngraabhsuogaak@gmailcom,1873382767,wwwuvyxsveilngcom,ipehuujorv
188,buusfocc,buusfoccinnkdrhlp@gmailcom,3556270775,wwwbuusfocccom,ipehuujorv
216,lmhketxbiws,lmhketxbiwshhcejhbewmhy@gmailcom,726343373,wwwlmhketxbiwscom,ipehuujorv
273,jyajjogi,jyajjogimvvwrjtbd@gmailcom,6571588278,wwwjyajjogicom,ipehuujorv
319,bavaumny,bavaumnypvjugdflv@gmailcom,8348613241,wwwbavaumnycom,ipehuujorv
348,sqlllguhhswgx,sqlllguhhswgxluxcdcwgqvtnar@gmailcom,413818450,wwwsqlllguhhswgxcom,ipehuujorv
377,vrfywciuxdxbct,vrfywciuxdxbctoqrhehblstyiltk@gmailcom,5861565724,wwwvrfywciuxdxbctcom,ipehuujorv
633,kuigshbovnqn,kuigshbovnqnrwtbjkbvokxvg@gmailcom,7448407575,wwwkuigshbovnqncom,ipehuujorv
659,wqivqvegskp,wqivqvegskpqlhlsxhlaydx@gmailcom,8308888045,wwwwqivqvegskpcom,ipehuujorv
704,bstkfpsbbpig,bstkfpsbbpigrjavhvxaromui@gmailcom,3685711510,wwwbstkfpsbbpigcom,ipehuujorv
710,ojusahxswg,ojusahxswggwwndnarnpi@gmailcom,2641170475,wwwojusahxswgcom,ipehuujorv
897,wngylrlcsovt,wngylrlcsovtmgjrxcpngefgn@gmailcom,8413245128,wwwwngylrlcsovtcom,ipehuujorv
931,vavijmmochf,vavijmmochfjjubpyqmpujj@gmailcom,755202631,wwwvavijmmochfcom,ipehuujorv
972,lvhvkukkpw,lvhvkukkpwklvprckkgye@gmailcom,8862101833,wwwlvhvkukkpwcom,ipehuujorv
19,bhefxvkdc,bhefxvkdcygmvijdpxv@gmailcom,4166882271,wwwbhefxvkdccom,ipixilhdxnuduj
105,vkkgnyt,vkkgnytbjmdlsus@gmailcom,3215126337,wwwvkkgnytcom,ipixilhdxnuduj
185,ltlvfptdqba,ltlvfptdqbanewmioyqgbai@gmailcom,8547828343,wwwltlvfptdqbacom,ipixilhdxnuduj
474,xauhpn,xauhpnpywdkqv@gmailcom,8808613651,wwwxauhpncom,ipixilhdxnuduj
594,gtxysqufiphkgk,gtxysqufiphkgkrinwekegcgmyaxd@gmailcom,8582047470,wwwgtxysqufiphkgkcom,ipixilhdxnuduj
602,cqctuqe,cqctuqekaffjbbf@gmailcom,1237447545,wwwcqctuqecom,ipixilhdxnuduj
909,kqwcivsof,kqwcivsofrgrsflwgxs@gmailcom,5828163181,wwwkqwcivsofcom,ipixilhdxnuduj
946,luehqlwb,luehqlwbbkmwyosln@gmailcom,5246083166,wwwluehqlwbcom,ipixilhdxnuduj
67,muldmc,muldmcduoedpe@gmailcom,8585432317,wwwmuldmccom,ipnxevlq
133,mcvrhlxsufjyfm,mcvrhlxsufjyfmxrrhcruhwwrdyrf@gmailcom,6143770123,wwwmcvrhlxsufjyfmcom,ipnxevlq
160,xlilnvvwmsh,xlilnvvwmshxrusvwrcmqhv@gmailcom,4556826368,wwwxlilnvvwmshcom,ipnxevlq
317,cyfoxmrhpe,cyfoxmrhpeoashnvsfmcu@gmailcom,7702766401,wwwcyfoxmrhpecom,ipnxevlq
318,wusbhn,wusbhntaurhmu@gmailcom,1806283286,wwwwusbhncom,ipnxevlq
349,bbcatrrjpbgs,bbcatrrjpbgsysejmkywhbbtr@gmailcom,8024374140,wwwbbcatrrjpbgscom,ipnxevlq
629,ohycimcon,ohycimconriveyvxqdg@gmailcom,7146483886,wwwohycimconcom,ipnxevlq
639,fdllikaluvyq,fdllikaluvyqdviofhivmqsrb@gmailcom,3474667432,wwwfdllikaluvyqcom,ipnxevlq
795,jbbdelsovmfp,jbbdelsovmfplyiouxloxinch@gmailcom,5307336788,wwwjbbdelsovmfpcom,ipnxevlq
877,lphwoiol,lphwoiolecehsefcs@gmailcom,8381561858,wwwlphwoiolcom,ipnxevlq
957,ufobcmxmfl,ufobcmxmflaqgahigoefa@gmailcom,6458863221,wwwufobcmxmflcom,ipnxevlq
965,qfhsidjug,qfhsidjugbohloywqif@gmailcom,2257547246,wwwqfhsidjugcom,ipnxevlq
986,xhxeoivujwxy,xhxeoivujwxypjpccikqqfdbp@gmailcom,5407031414,wwwxhxeoivujwxycom,ipnxevlq
233,bwruflktkbqffa,bwruflktkbqffabrrflgmsqfhkrlo@gmailcom,1512582243,wwwbwruflktkbqffacom,iwqqxqo
272,xxoomogxvg,xxoomogxvgfulawccxbwc@gmailcom,7481713074,wwwxxoomogxvgcom,iwqqxqo
395,huvbyiygoncl,huvbyiygonclngbiugamnqmoe@gmailcom,3450142245,wwwhuvbyiygonclcom,iwqqxqo
641,ychfpnt,ychfpntuaamdxhx@gmailcom,217365807,wwwychfpntcom,iwqqxqo
697,skmeaifbhdekeg,skmeaifbhdekegcvnqgsthhmdamby@gmailcom,1120573006,wwwskmeaifbhdekegcom,iwqqxqo
920,sdervmijy,sdervmijyophylwlgsg@gmailcom,1328633018,wwwsdervmijycom,iwqqxqo
117,pyqexunv,pyqexunvgqoigvund@gmailcom,1223773886,wwwpyqexunvcom,jbpspnknksicgtb
167,eormoeesibpxo,eormoeesibpxopqxywheynixrdg@gmailcom,5143110508,wwweormoeesibpxocom,jbpspnknksicgtb
245,rgomxmaqkestb,rgomxmaqkestbnlacremonjdoye@gmailcom,3136085534,wwwrgomxmaqkestbcom,jbpspnknksicgtb
362,endbakqxry,endbakqxrycnqkyvvcoaf@gmailcom,2121161765,wwwendbakqxrycom,jbpspnknksicgtb
397,nqpalumwvro,nqpalumwvrocbpoavcddnqn@gmailcom,3577044754,wwwnqpalumwvrocom,jbpspnknksicgtb
443,xfbqbtgvuklyme,xfbqbtgvuklymekslflyblupkaqse@gmailcom,602263337,wwwxfbqbtgvuklymecom,jbpspnknksicgtb
467,hdvkluoolpqe,hdvkluoolpqetlwksesbwxxng@gmailcom,3363328470,wwwhdvkluoolpqecom,jbpspnknksicgtb
664,hqletlq,hqletlqnetsgpqa@gmailcom,3670867740,wwwhqletlqcom,jbpspnknksicgtb
797,uqwifpqkinscm,uqwifpqkinscmiefoiohmylkbyb@gmailcom,4447583637,wwwuqwifpqkinscmcom,jbpspnknksicgtb
46,ccoryr,ccoryrjaqawvh@gmailcom,4677251366,wwwccoryrcom,jlqohfk
73,cyvifhwdcfac,cyvifhwdcfacfpfqghlranwvv@gmailcom,378854686,wwwcyvifhwdcfaccom,jlqohfk
128,juyrsfrjb,juyrsfrjbdkwushxjrk@gmailcom,5637360620,wwwjuyrsfrjbcom,jlqohfk
138,gegjrbpdrr,gegjrbpdrrjevpnhklrmr@gmailcom,3082144111,wwwgegjrbpdrrcom,jlqohfk
143,andvsiyyejgju,andvsiyyejgjusaigaatkjggqgl@gmailcom,3541200408,wwwandvsiyyejgjucom,jlqohfk
148,ucihjpk,ucihjpkymqewufk@gmailcom,2847175216,wwwucihjpkcom,jlqohfk
650,ynisylq,ynisylqrxjdwldu@gmailcom,4357035880,wwwynisylqcom,jlqohfk
107,awwrgfwyweegb,awwrgfwyweegbbltwildlkxoyyg@gmailcom,8662250314,wwwawwrgfwyweegbcom,jnbgeiwcri
139,snckfb,snckfbkrnbdoo@gmailcom,5816708451,wwwsnckfbcom,jnbgeiwcri
386,eauifucompr,eauifucomprsiiajfumauei@gmailcom,8866105230,wwweauifucomprcom,jnbgeiwcri
405,eqddbaxbbo,eqddbaxbbogqxowxdrcyw@gmailcom,3451633681,wwweqddbaxbbocom,jnbgeiwcri
572,mhpfhmlkmbpi,mhpfhmlkmbpifecuxijyhodsb@gmailcom,4565428350,wwwmhpfhmlkmbpicom,jnbgeiwcri
694,isceekfmx,isceekfmxvosuanmmyf@gmailcom,6278231315,wwwisceekfmxcom,jnbgeiwcri
720,mviqqoa,mviqqoarfmxpieb@gmailcom,8222143218,wwwmviqqoacom,jnbgeiwcri
726,jwqlypdaufemod,jwqlypdaufemodfkarrrphaoblsib@gmailcom,6813626354,wwwjwqlypdaufemodcom,jnbgeiwcri
753,imxssgeosmy,imxssgeosmytpbbsrvurgkg@gmailcom,4186203710,wwwimxssgeosmycom,jnbgeiwcri
799,syvhtdbq,syvhtdbqbvfbrdgum@gmailcom,7184006301,wwwsyvhtdbqcom,jnbgeiwcri
890,ytittmwgorv,ytittmwgorvxswrwdrlohbr@gmailcom,1825454065,wwwytittmwgorvcom,jnbgeiwcri
993,xokkose,xokkoseinirirhu@gmailcom,1051550280,wwwxokkosecom,jnbgeiwcri
56,wmnrirxcobnbde,wmnrirxcobnbdeunaofgleykxkcpu@gmailcom,7212853346,wwwwmnrirxcobnbdecom,keffgqrsncnadj
89,xoswao,xoswaoyntnwuq@gmailcom,3427720770,wwwxoswaocom,keffgqrsncnadj
283,xheprmbrhrnnbi,xheprmbrhrnnbijbalalskgqwehps@gmailcom,484452545,wwwxheprmbrhrnnbicom,keffgqrsncnadj
336,fkomhpp,fkomhppkmrahmwx@gmailcom,3001362772,wwwfkomhppcom,keffgqrsncnadj
793,ugpddyqfovsigy,ugpddyqfovsigysbgiyohgiauqmbw@gmailcom,6256584300,wwwugpddyqfovsigycom,keffgqrsncnadj
989,tftlkeahvaqy,tftlkeahvaqykdoffobddkueu@gmailcom,2560357641,wwwtftlkeahvaqycom,keffgqrsncnadj
244,oaxbovipspfc,oaxbovipspfcrgcpedqjymblv@gmailcom,364215448,wwwoaxbovipspfccom,kkmxug
363,nffmgqaa,nffmgqaanfpkjxcio@gmailcom,5816402437,wwwnffmgqaacom,kkmxug
479,yrhmrcwoqqynro,yrhmrcwoqqynroeijrlmbqlsytfjw@gmailcom,503245150,wwwyrhmrcwoqqynrocom,kkmxug
631,pwhodrdwet,pwhodrdwetsouevqkjffp@gmailcom,8100006737,wwwpwhodrdwetcom,kkmxug
907,uitudgvl,uitudgvlnhhsrukje@gmailcom,1884332134,wwwuitudgvlcom,kkmxug
80,vjissfulwpptys,vjissfulwpptysmhbexlemlnxvdiw@gmailcom,2581876441,wwwvjissfulwpptyscom,leepqnywcf
90,wpkhnrowpayrq,wpkhnrowpayrqbkqpkqkscjmbxu@gmailcom,4477576165,wwwwpkhnrowpayrqcom,leepqnywcf
120,cdrqserifijycy,cdrqserifijycyqxclnjudqedqgmu@gmailcom,7432632362,wwwcdrqserifijycycom,leepqnywcf
226,gfbmbhyyskl,gfbmbhyysklwtnirgmrxbyd@gmailcom,2346407308,wwwgfbmbhyysklcom,leepqnywcf
249,bprppwwhbscj,bprppwwhbscjwkvfbweagfmlg@gmailcom,4382108200,wwwbprppwwhbscjcom,leepqnywcf
300,cyfdgmjvk,cyfdgmjvkeohtlqepqr@gmailcom,6514136424,wwwcyfdgmjvkcom,leepqnywcf
469,wcnrdgmluwmwpm,wcnrdgmluwmwpmfdsaiwwoancwcos@gmailcom,8347511246,wwwwcnrdgmluwmwpmcom,leepqnywcf
638,pgurrmw,pgurrmwrniuvbbs@gmailcom,2232261842,wwwpgurrmwcom,leepqnywcf
691,tkafuayjhijarh,tkafuayjhijarhnjpyoqnxvtdxgqv@gmailcom,7355175210,wwwtkafuayjhijarhcom,leepqnywcf
749,hurgnxpgspc,hurgnxpgspcpyiduprglmpt@gmailcom,5480730738,wwwhurgnxpgspccom,leepqnywcf
767,qdouqfdn,qdouqfdnhxpigirqg@gmailcom,2071211624,wwwqdouqfdncom,leepqnywcf
769,ypsiyfyxvqkvxw,ypsiyfyxvqkvxwiysnabupklucdmg@gmailcom,2837262533,wwwypsiyfyxvqkvxwcom,leepqnywcf
968,uspnbumwl,uspnbumwlhreasflanq@gmailcom,7078288214,wwwuspnbumwlcom,leepqnywcf
181,xvcvayqgnukci,xvcvayqgnukcibgeqhmyoxdkiow@gmailcom,4128123447,wwwxvcvayqgnukcicom,lfcwrgwa
254,mjnngm,mjnngmnsaaslo@gmailcom,1683605888,wwwmjnngmcom,lfcwrgwa
274,gpbdjwojmnnu,gpbdjwojmnnubiaubknvrelyi@gmailcom,8346003225,wwwgpbdjwojmnnucom,lfcwrgwa
503,xbcdgifkddq,xbcdgifkddqbfhlxpjhfbxe@gmailcom,2034647223,wwwxbcdgifkddqcom,lfcwrgwa
517,oxmqiltdirlxtl,oxmqiltdirlxtlofdgskwfvihfpqg@gmailcom,5547604617,wwwoxmqiltdirlxtlcom,lfcwrgwa
625,qxvxdatqeeu,qxvxdatqeeudxhwkyeafyvx@gmailcom,3175061603,wwwqxvxdatqeeucom,lfcwrgwa
757,ksfockbbrqix,ksfockbbrqixnqaygalcebvql@gmailcom,8031706336,wwwksfockbbrqixcom,lfcwrgwa
852,khkhrdvuuhyw,khkhrdvuuhywvchyktujdvfpn@gmailcom,5826552728,wwwkhkhrdvuuhywcom,lfcwrgwa
952,hhqcaqhocdp,hhqcaqhocdpnenenjjedgvw@gmailcom,262188163,wwwhhqcaqhocdpcom,lfcwrgwa
13,upfcdddf,upfcdddfhsdqpcpbh@gmailcom,6325647250,wwwupfcdddfcom,lkrxkkrvty
189,owvexddhppp,owvexddhpppesfbhvofvogr@gmailcom,4677264014,wwwowvexddhpppcom,lkrxkkrvty
197,nxqixbmn,nxqixbmnowijteqcm@gmailcom,5328083162,wwwnxqixbmncom,lkrxkkrvty
237,wwakqoqxc,wwakqoqxcoqtwqnewpe@gmailcom,6580245534,wwwwwakqoqxccom,lkrxkkrvty
339,gowmbd,gowmbdyodrovn@gmailcom,3683822805,wwwgowmbdcom,lkrxkkrvty
358,spelulb,spelulbkhaebpxs@gmailcom,2788783265,wwwspelulbcom,lkrxkkrvty
732,docjqjb,docjqjbbcnbtpqt@gmailcom,4131518064,wwwdocjqjbcom,lkrxkkrvty
825,scusjya,scusjyacppkxhkd@gmailcom,2016108876,wwwscusjyacom,lkrxkkrvty
916,isxhyvwgrlall,isxhyvwgrlallrdhyullugmdvjg@gmailcom,3220333572,wwwisxhyvwgrlallcom,lkrxkkrvty
78,mcsbox,mcsboxudeflkv@gmailcom,6537853341,wwwmcsboxcom,lsjggu
246,iasbnpbkf,iasbnpbkfeptwkaqkyu@gmailcom,418462083,wwwiasbnpbkfcom,lsjggu
248,mxttimbfvosq,mxttimbfvosqadtdicbsthjrc@gmailcom,4343786325,wwwmxttimbfvosqcom,lsjggu
433,ywrpxut,ywrpxutelmrersn@gmailcom,4237435744,wwwywrpxutcom,lsjggu
537,ymsafhaeynimlp,ymsafhaeynimlponmbxeicmcvhlig@gmailcom,5852474533,wwwymsafhaeynimlpcom,lsjggu
622,yvbimf,yvbimfpjfwqxx@gmailcom,6344212507,wwwyvbimfcom,lsjggu
654,wjjefp,wjjefpwxvecuq@gmailcom,4855678042,wwwwjjefpcom,lsjggu
729,rppstanjgpnjp,rppstanjgpnjpvcbvgcygvhcecg@gmailcom,4606441101,wwwrppstanjgpnjpcom,lsjggu
817,kvuvql,kvuvqleutseiy@gmailcom,2521556275,wwwkvuvqlcom,lsjggu
910,nfqiesdffi,nfqiesdfficdletvassak@gmailcom,8234281534,wwwnfqiesdfficom,lsjggu
54,lqexgcvteokft,lqexgcvteokfteejrdixxqifynv@gmailcom,8815335326,wwwlqexgcvteokftcom,mfqkmuferjxmcml
271,jpqpptlg,jpqpptlglpeeuyajp@gmailcom,4527328144,wwwjpqpptlgcom,mfqkmuferjxmcml
422,rvrqrt,rvrqrtapoecgm@gmailcom,5151453863,wwwrvrqrtcom,mfqkmuferjxmcml
501,rccucq,rccucqigbenlk@gmailcom,8581388718,wwwrccucqcom,mfqkmuferjxmcml
515,qoaoxtlu,qoaoxtluqmixybbhx@gmailcom,5373173720,wwwqoaoxtlucom,mfqkmuferjxmcml
582,pseykwqj,pseykwqjpifscammj@gmailcom,6074213756,wwwpseykwqjcom,mfqkmuferjxmcml
752,ocppmbnqjsl,ocppmbnqjslckvmmnuhvuuy@gmailcom,8785056242,wwwocppmbnqjslcom,mfqkmuferjxmcml
942,ayhxejiq,ayhxejiqettijiufu@gmailcom,6464088327,wwwayhxejiqcom,mfqkmuferjxmcml
4,bhohmkpuapyfua,bhohmkpuapyfuatwlividkcmobora@gmailcom,4403342307,wwwbhohmkpuapyfuacom,mfvenpvqpdyc
165,ygapgbhfgfw,ygapgbhfgfwtcdcufvxjtdn@gmailcom,1046844888,wwwygapgbhfgfwcom,mfvenpvqpdyc
169,srttqgapma,srttqgapmacflditryctx@gmailcom,4582735233,wwwsrttqgapmacom,mfvenpvqpdyc
172,ronoqvvggety,ronoqvvggetyrdjjckrspsbih@gmailcom,2787511805,wwwronoqvvggetycom,mfvenpvqpdyc
183,lkhvrxhdsqexkl,lkhvrxhdsqexklihcqwgkrexjygrk@gmailcom,2458861154,wwwlkhvrxhdsqexklcom,mfvenpvqpdyc
372,cwsyja,cwsyjainuqtrh@gmailcom,8070617231,wwwcwsyjacom,mfvenpvqpdyc
488,pvpdwvhd,pvpdwvhdxqnjcvmuq@gmailcom,3336212323,wwwpvpdwvhdcom,mfvenpvqpdyc
579,drfsnqq,drfsnqqaxhdjbqd@gmailcom,2436784280,wwwdrfsnqqcom,mfvenpvqpdyc
591,okgorcqrc,okgorcqrchetteqbcog@gmailcom,6138716710,wwwokgorcqrccom,mfvenpvqpdyc
651,hultae,hultaexvvqwys@gmailcom,8277157054,wwwhultaecom,mfvenpvqpdyc
777,iafbfgvcqcpeai,iafbfgvcqcpeaiejtklkraancoviv@gmailcom,3510650615,wwwiafbfgvcqcpeaicom,mfvenpvqpdyc
932,vtpniwfp,vtpniwfpnqfaagjnf@gmailcom,1875585137,wwwvtpniwfpcom,mfvenpvqpdyc
140,foxswwswunonfi,foxswwswunonfirmqjjtiecdkvrnt@gmailcom,3300723105,wwwfoxswwswunonficom,mihnvfufrq
163,gggmbejey,gggmbejeyxtnucydhcd@gmailcom,4701451382,wwwgggmbejeycom,mihnvfufrq
343,fwqnnxfo,fwqnnxfoacfbmpult@gmailcom,6417076766,wwwfwqnnxfocom,mihnvfufrq
429,omeyvdrakvunxy,omeyvdrakvunxytujqcovbmwswlxq@gmailcom,8584558131,wwwomeyvdrakvunxycom,mihnvfufrq
476,xwxkcuckhgy,xwxkcuckhgywqlmkfgvwjov@gmailcom,8071387542,wwwxwxkcuckhgycom,mihnvfufrq
569,wsbrmydmv,wsbrmydmvmdjnfoqspv@gmailcom,6568003553,wwwwsbrmydmvcom,mihnvfufrq
915,rmlpiwhbnacq,rmlpiwhbnacqwhrsviqqlivec@gmailcom,8722274823,wwwrmlpiwhbnacqcom,mihnvfufrq
30,lhfnpgb,lhfnpgbxfohjuhn@gmailcom,1423782557,wwwlhfnpgbcom,mjtjrwhaj
37,axbbuldmi,axbbuldmimyhcriklio@gmailcom,8706514810,wwwaxbbuldmicom,mjtjrwhaj
153,ixjlulcffsag,ixjlulcffsagkbftetjdvvyol@gmailcom,3451848803,wwwixjlulcffsagcom,mjtjrwhaj
439,qwvyjrs,qwvyjrsivulcern@gmailcom,4786171842,wwwqwvyjrscom,mjtjrwhaj
626,lrqebrbuarc,lrqebrbuarccvrsslrdqaij@gmailcom,8734007405,wwwlrqebrbuarccom,mjtjrwhaj
794,tvcuymtvnnkau,tvcuymtvnnkauetocfexmsqyonb@gmailcom,6325866786,wwwtvcuymtvnnkaucom,mjtjrwhaj
857,meirot,meirotxfdaeur@gmailcom,6527703221,wwwmeirotcom,mjtjrwhaj
955,pmucbewvfqb,pmucbewvfqblcuossxgavjf@gmailcom,6860350455,wwwpmucbewvfqbcom,mjtjrwhaj
83,mpblcntlcvpfnv,mpblcntlcvpfnvjpcqbpfiubftvtd@gmailcom,4414305868,wwwmpblcntlcvpfnvcom,nkupth
97,coysubeojjucog,coysubeojjucogcygyfqvttdhuhml@gmailcom,3858642728,wwwcoysubeojjucogcom,nkupth
145,lxprhxqv,lxprhxqvcoacsumwj@gmailcom,8735735825,wwwlxprhxqvcom,nkupth
391,bhdmserr,bhdmserrumrdvuunk@gmailcom,5252825754,wwwbhdmserrcom,nkupth
468,ukwbbwtxuex,ukwbbwtxuexoptluautvdxm@gmailcom,8341047821,wwwukwbbwtxuexcom,nkupth
475,efraltgthxgj,efraltgthxgjdboyvhxrothjv@gmailcom,8533251403,wwwefraltgthxgjcom,nkupth
483,ukworul,ukworulqgslyblk@gmailcom,4721682107,wwwukworulcom,nkupth
764,xkceny,xkcenyrkqbqkf@gmailcom,4408687531,wwwxkcenycom,nkupth
807,myrxyttkouxs,myrxyttkouxslqsdrxxotaskm@gmailcom,405717623,wwwmyrxyttkouxscom,nkupth
886,hbmvsmodbxvrxs,hbmvsmodbxvrxsdcytylowvlprmcv@gmailcom,7208271530,wwwhbmvsmodbxvrxscom,nkupth
368,msvehbwcm,msvehbwcmyoynyaabdt@gmailcom,2667553623,wwwmsvehbwcmcom,nonirobpwlld
682,fxstxkfneb,fxstxkfnebhlwrgaswlmp@gmailcom,7808538568,wwwfxstxkfnebcom,nonirobpwlld
745,wkyfgbwadsieh,wkyfgbwadsiehhcmtgrmbevaomb@gmailcom,344504368,wwwwkyfgbwadsiehcom,nonirobpwlld
750,jqfeaermhvlsme,jqfeaermhvlsmekpaaopexuivvcbh@gmailcom,6277537510,wwwjqfeaermhvlsmecom,nonirobpwlld
800,qxvkxdjnyqsgu,qxvkxdjnyqsgujtjigttnfqwrea@gmailcom,5123630718,wwwqxvkxdjnyqsgucom,nonirobpwlld
57,qqmepfq,qqmepfqkfcoqjoi@gmailcom,1630514023,wwwqqmepfqcom,nshlkdjjmm
127,djnneb,djnnebilrtqbe@gmailcom,1013751034,wwwdjnnebcom,nshlkdjjmm
199,xwkqdkeak,xwkqdkeakqvkbfokdjr@gmailcom,138145143,wwwxwkqdkeakcom,nshlkdjjmm
219,lsxylj,lsxyljpbmnmiy@gmailcom,4240738410,wwwlsxyljcom,nshlkdjjmm
262,rtpbqihqwyuufw,rtpbqihqwyuufwgjapmoflseljrci@gmailcom,8050200705,wwwrtpbqihqwyuufwcom,nshlkdjjmm
314,avsquslswla,avsquslswlasnetaumlafli@gmailcom,5152733857,wwwavsquslswlacom,nshlkdjjmm
373,ywwjgo,ywwjgoustilfm@gmailcom,52450618,wwwywwjgocom,nshlkdjjmm
482,mjjcpcyulewmx,mjjcpcyulewmxlftgooyhadvbom@gmailcom,576703838,wwwmjjcpcyulewmxcom,nshlkdjjmm
951,unnujpgje,unnujpgjejjytlnxefp@gmailcom,1135324736,wwwunnujpgjecom,nshlkdjjmm
92,mbuuyevqq,mbuuyevqqetoyarnedp@gmailcom,7082774040,wwwmbuuyevqqcom,nubsveh
157,mkfpofxrxdx,mkfpofxrxdxghtucarrldhk@gmailcom,1836183023,wwwmkfpofxrxdxcom,nubsveh
480,guneibpspik,guneibpspikjqxmksoauvau@gmailcom,2808638615,wwwguneibpspikcom,nubsveh
487,cslsyx,cslsyxbmoybvk@gmailcom,6467607054,wwwcslsyxcom,nubsveh
532,xcfcywrnbxpd,xcfcywrnbxpdbwydswvxlhdut@gmailcom,7827587488,wwwxcfcywrnbxpdcom,nubsveh
859,hensrycitpcfjt,hensrycitpcfjtgupyjewvmyjsdxh@gmailcom,8418581653,wwwhensrycitpcfjtcom,nubsveh
98,ydumcx,ydumcxgpcnitf@gmailcom,7807254066,wwwydumcxcom,nviguadmutwpm
251,nbwkkk,nbwkkklaqlnhx@gmailcom,7366224326,wwwnbwkkkcom,nviguadmutwpm
379,kgybjbhmhcim,kgybjbhmhcimocxkqygeeupar@gmailcom,7540138532,wwwkgybjbhmhcimcom,nviguadmutwpm
398,wkognlsmjl,wkognlsmjloeevmilrpuk@gmailcom,548435414,wwwwkognlsmjlcom,nviguadmutwpm
478,tiixsj,tiixsjxumafrj@gmailcom,8017072143,wwwtiixsjcom,nviguadmutwpm
524,llkuxcjnlpxejm,llkuxcjnlpxejmrlmjcinvrmcogvb@gmailcom,7140458811,wwwllkuxcjnlpxejmcom,nviguadmutwpm
549,vtinhaji,vtinhajiccwmwidpf@gmailcom,3362223350,wwwvtinhajicom,nviguadmutwpm
770,ftowenib,ftowenibtbixjjtgg@gmailcom,3026302130,wwwftowenibcom,nviguadmutwpm
806,usorntn,usorntnycmccqao@gmailcom,3747821005,wwwusorntncom,nviguadmutwpm
841,faltumgquctwe,faltumgquctwedyceogeibaaisa@gmailcom,1851721204,wwwfaltumgquctwecom,nviguadmutwpm
868,anhuowfyiyrvpk,anhuowfyiyrvpkoqmveuqtxlahikl@gmailcom,6436604446,wwwanhuowfyiyrvpkcom,nviguadmutwpm
91,qhxsnm,qhxsnmtrqcswl@gmailcom,3045132144,wwwqhxsnmcom,okajwd
241,wjclptud,wjclptudrvgmymnpw@gmailcom,8577874203,wwwwjclptudcom,okajwd
312,pyxftwex,pyxftwexdunsiflxa@gmailcom,6656161683,wwwpyxftwexcom,okajwd
416,wmidoy,wmidoyxejqaju@gmailcom,4035044420,wwwwmidoycom,okajwd
462,pbxexdubvcnpno,pbxexdubvcnpnoqhhrddrspeawjtm@gmailcom,180126522,wwwpbxexdubvcnpnocom,okajwd
593,kbygqqypyi,kbygqqypyigjpxrdmbgsf@gmailcom,3381485006,wwwkbygqqypyicom,okajwd
895,ynpideqnky,ynpideqnkyodlbefstahy@gmailcom,8621622484,wwwynpideqnkycom,okajwd
93,ecidnftqfjtye,ecidnftqfjtyeucogcuqbrueuna@gmailcom,5670743135,wwwecidnftqfjtyecom,olvxvj
202,jsfsqag,jsfsqagngqsjpxe@gmailcom,2850740340,wwwjsfsqagcom,olvxvj
304,nnbjriqag,nnbjriqagkrjiwjmwnl@gmailcom,8426350714,wwwnnbjriqagcom,olvxvj
412,dhaqkknnavadxd,dhaqkknnavadxdxkbciyiumjljoae@gmailcom,4057673548,wwwdhaqkknnavadxdcom,olvxvj
615,kitoddw,kitoddwbkxygdwt@gmailcom,1163854248,wwwkitoddwcom,olvxvj
137,dkrcbf,dkrcbflxjecun@gmailcom,5837301172,wwwdkrcbfcom,oqrlpajqmf
679,rlgnysnoag,rlgnysnoaglpmxpbpfaam@gmailcom,4430873331,wwwrlgnysnoagcom,oqrlpajqmf
683,jilmtufxm,jilmtufxmtypopjnbjo@gmailcom,8475325602,wwwjilmtufxmcom,oqrlpajqmf
828,ywpmplkvwh,ywpmplkvwhcrngjquqdte@gmailcom,8084587500,wwwywpmplkvwhcom,oqrlpajqmf
883,niuqavk,niuqavknqabfvgv@gmailcom,7022450263,wwwniuqavkcom,oqrlpajqmf
59,afvjesr,afvjesregjotdoi@gmailcom,7302245423,wwwafvjesrcom,otxqfsntrfjs
69,vpwmxbd,vpwmxbdsqppycwj@gmailcom,6020076163,wwwvpwmxbdcom,otxqfsntrfjs
285,ttawybyp,ttawybypnjorvkywg@gmailcom,2167643276,wwwttawybypcom,otxqfsntrfjs
383,lvwrhmvuqtvsi,lvwrhmvuqtvsifhjpfaojcykigc@gmailcom,1154572566,wwwlvwrhmvuqtvsicom,otxqfsntrfjs
394,ujlhqla,ujlhqlagnxvbggk@gmailcom,5235057578,wwwujlhqlacom,otxqfsntrfjs
403,xmyiup,xmyiupedurdmv@gmailcom,5187234484,wwwxmyiupcom,otxqfsntrfjs
489,dgohoudsqxrms,dgohoudsqxrmsjycongeungciyn@gmailcom,7637183767,wwwdgohoudsqxrmscom,otxqfsntrfjs
604,svyujygsp,svyujygsphqfpknpbyk@gmailcom,5378443753,wwwsvyujygspcom,otxqfsntrfjs
607,phqryv,phqryvnvxamkj@gmailcom,4210026623,wwwphqryvcom,otxqfsntrfjs
610,ycleimh,ycleimhdrwtlynx@gmailcom,7717214188,wwwycleimhcom,otxqfsntrfjs
773,tyfxetihph,tyfxetihphyjekamhmflc@gmailcom,4281388283,wwwtyfxetihphcom,otxqfsntrfjs
776,vmausxbgnfbg,vmausxbgnfbgpqjjndplwjmwm@gmailcom,2155573332,wwwvmausxbgnfbgcom,otxqfsntrfjs
836,pcwckgns,pcwckgnskqyxxembi@gmailcom,4102623064,wwwpcwckgnscom,otxqfsntrfjs
873,blbkvsd,blbkvsdrhwphewk@gmailcom,4181834388,wwwblbkvsdcom,otxqfsntrfjs
979,ejlxwpvdy,ejlxwpvdyqkhknhoami@gmailcom,2320663577,wwwejlxwpvdycom,otxqfsntrfjs
112,vguwhqdkuff,vguwhqdkuffbkdswlkmeygo@gmailcom,1486271363,wwwvguwhqdkuffcom,ouhmjwmkpkukrij
242,jfkkklnyxx,jfkkklnyxxmvpxjpxwhme@gmailcom,471344252,wwwjfkkklnyxxcom,ouhmjwmkpkukrij
400,wjnbkdq,wjnbkdqpwewmlmn@gmailcom,5584735043,wwwwjnbkdqcom,ouhmjwmkpkukrij
421,ubyybgrq,ubyybgrqffffgffqk@gmailcom,201644325,wwwubyybgrqcom,ouhmjwmkpkukrij
502,ubgqxurtoqtejq,ubgqxurtoqtejqscxymdhaoalfbqf@gmailcom,1104228860,wwwubgqxurtoqtejqcom,ouhmjwmkpkukrij
506,exqjdkar,exqjdkarctggfovul@gmailcom,7382853138,wwwexqjdkarcom,ouhmjwmkpkukrij
590,jpkfle,jpkfleershjmi@gmailcom,1063755421,wwwjpkflecom,ouhmjwmkpkukrij
628,muubgseadmy,muubgseadmynpchironitmu@gmailcom,2557673504,wwwmuubgseadmycom,ouhmjwmkpkukrij
998,hrecmme,hrecmmelqvwclhn@gmailcom,3564426126,wwwhrecmmecom,ouhmjwmkpkukrij
61,snknph,snknphousjsds@gmailcom,5666680318,wwwsnknphcom,owifnbyh
85,hkmplx,hkmplxhdbqixc@gmailcom,1476624410,wwwhkmplxcom,owifnbyh
125,qkcgmyqhxp,qkcgmyqhxpbtkhjbqqdym@gmailcom,7230001264,wwwqkcgmyqhxpcom,owifnbyh
135,lmtlteniaxon,lmtlteniaxonallbykitsihjj@gmailcom,7043152070,wwwlmtlteniaxoncom,owifnbyh
213,afatukhygq,afatukhygqkwoestkgwks@gmailcom,6500244556,wwwafatukhygqcom,owifnbyh
265,bbotvt,bbotvtdioyueq@gmailcom,5328804650,wwwbbotvtcom,owifnbyh
396,dgsnuhltlrf,dgsnuhltlrfsstiecfoxlyc@gmailcom,2524650247,wwwdgsnuhltlrfcom,owifnbyh
460,dvgpufpnrxe,dvgpufpnrxehahcyojrabyh@gmailcom,1015533333,wwwdvgpufpnrxecom,owifnbyh
660,drpxsivyqqi,drpxsivyqqiqgqnpgdeandg@gmailcom,7516148573,wwwdrpxsivyqqicom,owifnbyh
717,whmhpwfxjflff,whmhpwfxjflffarvlkqaypvdjop@gmailcom,5887021156,wwwwhmhpwfxjflffcom,owifnbyh
816,fomlofslbxbtes,fomlofslbxbtesribawtiahbahaij@gmailcom,6852806123,wwwfomlofslbxbtescom,owifnbyh
901,iblpbhcuxlmh,iblpbhcuxlmhshqgibhpsegqf@gmailcom,3165137114,wwwiblpbhcuxlmhcom,owifnbyh
6,ggpctatig,ggpctatiguepdnphtub@gmailcom,4652605386,wwwggpctatigcom,pejogqooevt
81,eftoaluaprfri,eftoaluaprfrisdyfkbhtnmguqk@gmailcom,1326153841,wwweftoaluaprfricom,pejogqooevt
164,jfgypvqybnh,jfgypvqybnhjcyjbmakdpxo@gmailcom,5276703644,wwwjfgypvqybnhcom,pejogqooevt
218,tyfmjtrokr,tyfmjtrokriusanadnmsq@gmailcom,2636051280,wwwtyfmjtrokrcom,pejogqooevt
292,amyfdrbspsaoam,amyfdrbspsaoambneyngolhhdjrxm@gmailcom,7627445318,wwwamyfdrbspsaoamcom,pejogqooevt
301,clpnutlrdqable,clpnutlrdqableuhavfblvtlyyjqr@gmailcom,7637054318,wwwclpnutlrdqablecom,pejogqooevt
351,nnjosnst,nnjosnstvunprfhrl@gmailcom,470738467,wwwnnjosnstcom,pejogqooevt
425,ntdvahvualbudb,ntdvahvualbudboxunvanmynbfogn@gmailcom,8186334275,wwwntdvahvualbudbcom,pejogqooevt
447,bmrpvjoun,bmrpvjounyfytdhfkcx@gmailcom,6354542868,wwwbmrpvjouncom,pejogqooevt
560,hnseefvthibbqk,hnseefvthibbqkjjucroawrhukqqs@gmailcom,1175888112,wwwhnseefvthibbqkcom,pejogqooevt
810,gnvgderakcuaow,gnvgderakcuaowmdtufiyxtxkkdve@gmailcom,7813274184,wwwgnvgderakcuaowcom,pejogqooevt
843,lnomnflrt,lnomnflrtidqrsuquji@gmailcom,5681376338,wwwlnomnflrtcom,pejogqooevt
856,jlnplvctvhgd,jlnplvctvhgdrsdgbmvgqpyvw@gmailcom,1536244266,wwwjlnplvctvhgdcom,pejogqooevt
977,leldiyostp,leldiyostpgqcusxeblok@gmailcom,4181637072,wwwleldiyostpcom,pejogqooevt
66,vtlccmacgdce,vtlccmacgdceocvqngpwlkbnf@gmailcom,150033832,wwwvtlccmacgdcecom,pewmslnccfh
187,rsmceqofx,rsmceqofxejcolicmix@gmailcom,6712016337,wwwrsmceqofxcom,pewmslnccfh
208,cnrxumgcph,cnrxumgcphhtmvtlbvbue@gmailcom,2863763772,wwwcnrxumgcphcom,pewmslnccfh
224,eoubvr,eoubvrexogklp@gmailcom,6867680652,wwweoubvrcom,pewmslnccfh
303,bhothjwfqjlv,bhothjwfqjlvfxxxsrptjouei@gmailcom,3415502571,wwwbhothjwfqjlvcom,pewmslnccfh
500,jadxsqdyf,jadxsqdyfewlxqlcedi@gmailcom,2000737727,wwwjadxsqdyfcom,pewmslnccfh
541,mldfuspk,mldfuspkxummlrcnc@gmailcom,2401777047,wwwmldfuspkcom,pewmslnccfh
643,ntlxpirr,ntlxpirrrahmffwwd@gmailcom,5668364810,wwwntlxpirrcom,pewmslnccfh
734,lsgpflyyqqxsv,lsgpflyyqqxsvmaceyuaxvrmaxy@gmailcom,486114424,wwwlsgpflyyqqxsvcom,pewmslnccfh
737,xabbat,xabbatnaeuece@gmailcom,1332304138,wwwxabbatcom,pewmslnccfh
762,dreiqihsiai,dreiqihsiaipmleecdhbbeh@gmailcom,187625115,wwwdreiqihsiaicom,pewmslnccfh
865,jycwdnrcqtpog,jycwdnrcqtpogqygysyspgbnmdp@gmailcom,4230008702,wwwjycwdnrcqtpogcom,pewmslnccfh
885,kgfddcxddo,kgfddcxddosurctsyrvhx@gmailcom,6264427807,wwwkgfddcxddocom,pewmslnccfh
974,gcajjri,gcajjriuyqgesem@gmailcom,5560475133,wwwgcajjricom,pewmslnccfh
997,hyxmwmndvkwqd,hyxmwmndvkwqdkdngsdbnajlmli@gmailcom,5362554361,wwwhyxmwmndvkwqdcom,pewmslnccfh
142,wmnmuwlerhde,wmnmuwlerhdeivcelcpgmikea@gmailcom,2852120524,wwwwmnmuwlerhdecom,pkcdhnsjpdi
151,axgrocbefh,axgrocbefhgqqmvpgegjd@gmailcom,5074162804,wwwaxgrocbefhcom,pkcdhnsjpdi
305,ntacbxkur,ntacbxkurdjcaukomqm@gmailcom,2823843011,wwwntacbxkurcom,pkcdhnsjpdi
428,salnptirtyvy,salnptirtyvydbxvmkmjnyjga@gmailcom,5282256156,wwwsalnptirtyvycom,pkcdhnsjpdi
484,cysddrphqouf,cysddrphqoufdfgymtxhynsiw@gmailcom,7238228245,wwwcysddrphqoufcom,pkcdhnsjpdi
619,tvsgudap,tvsgudapegwdjjikq@gmailcom,4212248012,wwwtvsgudapcom,pkcdhnsjpdi
790,fgktomu,fgktomuhxmupghm@gmailcom,1566857254,wwwfgktomucom,pkcdhnsjpdi
870,wuhescgr,wuhescgrrtpoujukl@gmailcom,8276830731,wwwwuhescgrcom,pkcdhnsjpdi
82,rsarfagep,rsarfageparxnahmrxv@gmailcom,7250030650,wwwrsarfagepcom,prqntp
100,pyaesbbjb,pyaesbbjbwoauaprysg@gmailcom,4601547855,wwwpyaesbbjbcom,prqntp
104,mwinoy,mwinoykbhobah@gmailcom,4407833603,wwwmwinoycom,prqntp
147,cttlvnojpas,cttlvnojpasdnefuxneacub@gmailcom,8442032078,wwwcttlvnojpascom,prqntp
166,fgvkduymnacsmq,fgvkduymnacsmqhrjiwwnrawufhda@gmailcom,5832452065,wwwfgvkduymnacsmqcom,prqntp
182,elkfnocrbeupiy,elkfnocrbeupiyftrnerojkgnyskp@gmailcom,2541063833,wwwelkfnocrbeupiycom,prqntp
766,jdvxaastunijo,jdvxaastunijoxsjyisrorgyiek@gmailcom,5271073046,wwwjdvxaastunijocom,prqntp
821,qnfqrvlirjp,qnfqrvlirjpbfckgtpmjkdb@gmailcom,3888636211,wwwqnfqrvlirjpcom,prqntp
847,wtoswpavchbi,wtoswpavchbiucqqqlyotvuoq@gmailcom,8768111768,wwwwtoswpavchbicom,prqntp
880,cuxvysfkmdfq,cuxvysfkmdfqbwmiapunhvklf@gmailcom,5727383804,wwwcuxvysfkmdfqcom,prqntp
938,pphbnnlo,pphbnnloclkrdohhn@gmailcom,6420154622,wwwpphbnnlocom,prqntp
939,vpokppkwjra,vpokppkwjranxxalockrhbg@gmailcom,1757761116,wwwvpokppkwjracom,prqntp
113,gswlyv,gswlyvrvscsvo@gmailcom,8452548313,wwwgswlyvcom,qxdhheldixrgbme
150,voddpkjyt,voddpkjytdsthsfpmfg@gmailcom,1850334352,wwwvoddpkjytcom,qxdhheldixrgbme
212,siggrp,siggrpxbuwmbf@gmailcom,5407242586,wwwsiggrpcom,qxdhheldixrgbme
330,cvrmmpar,cvrmmparwfvbddpuv@gmailcom,8664681515,wwwcvrmmparcom,qxdhheldixrgbme
473,kbngvxp,kbngvxpfypnvgbl@gmailcom,8141006722,wwwkbngvxpcom,qxdhheldixrgbme
600,kaglqxxqybmtvd,kaglqxxqybmtvdjucvuimcdqsvqoj@gmailcom,270123544,wwwkaglqxxqybmtvdcom,qxdhheldixrgbme
711,oxycmeuhbkvy,oxycmeuhbkvyjdwmhwoaahsow@gmailcom,2087768561,wwwoxycmeuhbkvycom,qxdhheldixrgbme
718,ncumuvf,ncumuvfuxqwkqfv@gmailcom,1448807238,wwwncumuvfcom,qxdhheldixrgbme
775,yqqgqgp,yqqgqgpweqfwued@gmailcom,5775303585,wwwyqqgqgpcom,qxdhheldixrgbme
819,dfvowajbwpk,dfvowajbwpkpsxpixucaevj@gmailcom,6770210318,wwwdfvowajbwpkcom,qxdhheldixrgbme
826,eyoadjsenbaovl,eyoadjsenbaovlotftqawdxhcwtba@gmailcom,8601546276,wwweyoadjsenbaovlcom,qxdhheldixrgbme
894,gwjcbshxxjoddg,gwjcbshxxjoddgcohyyifxgdhacna@gmailcom,555702387,wwwgwjcbshxxjoddgcom,qxdhheldixrgbme
941,ohmhoehguklh,ohmhoehguklhvqksprhuxgkie@gmailcom,7465840148,wwwohmhoehguklhcom,qxdhheldixrgbme
947,hcidkrrrda,hcidkrrrdavsskkmwkpkc@gmailcom,7528857535,wwwhcidkrrrdacom,qxdhheldixrgbme
236,mgigyffrutwvm,mgigyffrutwvmspsyhjxvsvjfkk@gmailcom,1085307657,wwwmgigyffrutwvmcom,revvwq
282,mnqforwpti,mnqforwptiaclvhofchll@gmailcom,4802250571,wwwmnqforwpticom,revvwq
324,pfdepucoue,pfdepucoueibdemodonfv@gmailcom,2406372871,wwwpfdepucouecom,revvwq
364,mgqxjdqcf,mgqxjdqcfhdmwkdnovj@gmailcom,5250645845,wwwmgqxjdqcfcom,revvwq
586,vdnkwywi,vdnkwywixbuvuobqe@gmailcom,8840860317,wwwvdnkwywicom,revvwq
681,jdjfyjpripfr,jdjfyjpripfrlxmrsydgmiogx@gmailcom,5405441385,wwwjdjfyjpripfrcom,revvwq
813,qqfxlj,qqfxljrmvfyhl@gmailcom,3174325215,wwwqqfxljcom,revvwq
820,hyrbjck,hyrbjckxkpblsea@gmailcom,6562262430,wwwhyrbjckcom,revvwq
14,aidwartlmwv,aidwartlmwvamqxegjjuppe@gmailcom,1441655527,wwwaidwartlmwvcom,ridresxmplpod
41,xuesuwfn,xuesuwfnkxqcnlvrh@gmailcom,6841884483,wwwxuesuwfncom,ridresxmplpod
96,sxcxxecpicqx,sxcxxecpicqxosykcvtsaltcq@gmailcom,8872807676,wwwsxcxxecpicqxcom,ridresxmplpod
155,jleomwonct,jleomwonctogtshkhxavg@gmailcom,5824364330,wwwjleomwonctcom,ridresxmplpod
200,eainbfyka,eainbfykadcoqyuapwe@gmailcom,5373080040,wwweainbfykacom,ridresxmplpod
258,nflfuyejoov,nflfuyejoovnyrxxurbfurh@gmailcom,5834653072,wwwnflfuyejoovcom,ridresxmplpod
366,dpwmoa,dpwmoafykkggk@gmailcom,8437502506,wwwdpwmoacom,ridresxmplpod
384,fjixudcpsqpk,fjixudcpsqpktryxtljdhpvkm@gmailcom,3384531636,wwwfjixudcpsqpkcom,ridresxmplpod
402,icvtpf,icvtpfdvqnrvu@gmailcom,1206656712,wwwicvtpfcom,ridresxmplpod
431,nwhdskalspw,nwhdskalspwjvgndlmwmnmn@gmailcom,7428223284,wwwnwhdskalspwcom,ridresxmplpod
485,ptbdqplsive,ptbdqplsivejtedwsatygdw@gmailcom,3227822227,wwwptbdqplsivecom,ridresxmplpod
497,kxdjgvblmnnx,kxdjgvblmnnxnqgexnorlsfqt@gmailcom,2175875073,wwwkxdjgvblmnnxcom,ridresxmplpod
662,bcflegriuna,bcflegriunaewwdeiftqgnv@gmailcom,1217160532,wwwbcflegriunacom,ridresxmplpod
663,tlyjxvky,tlyjxvkyrbimdihtj@gmailcom,5812868483,wwwtlyjxvkycom,ridresxmplpod
855,wfvlbobonuyoey,wfvlbobonuyoeyjvggafnsgbmviyb@gmailcom,827223862,wwwwfvlbobonuyoeycom,ridresxmplpod
872,yieonagjtwfyu,yieonagjtwfyuvdcoixyftiooxn@gmailcom,1824414356,wwwyieonagjtwfyucom,ridresxmplpod
884,cgoeuddr,cgoeuddrwkexbxmoo@gmailcom,2730440135,wwwcgoeuddrcom,ridresxmplpod
967,xwgpspmk,xwgpspmkywndqveig@gmailcom,7417866701,wwwxwgpspmkcom,ridresxmplpod
35,qvxplwgxt,qvxplwgxthnemmnskop@gmailcom,475117328,wwwqvxplwgxtcom,rilrdxbjvbtr
38,dghicvtvw,dghicvtvwqqggdiweho@gmailcom,8752785245,wwwdghicvtvwcom,rilrdxbjvbtr
222,guhjpqgkpd,guhjpqgkpdfrgnqitduwq@gmailcom,2213017148,wwwguhjpqgkpdcom,rilrdxbjvbtr
388,iexvap,iexvapeklyhed@gmailcom,3881201304,wwwiexvapcom,rilrdxbjvbtr
705,tbypsb,tbypsbpeenecm@gmailcom,5674360411,wwwtbypsbcom,rilrdxbjvbtr
936,aummsfnbnot,aummsfnbnotdtwwdrtohcfg@gmailcom,612852455,wwwaummsfnbnotcom,rilrdxbjvbtr
992,cvwapnlhlsql,cvwapnlhlsqlspatrqurgbdcr@gmailcom,3111767457,wwwcvwapnlhlsqlcom,rilrdxbjvbtr
178,ashwnmbgns,ashwnmbgnsusblxlxhiij@gmailcom,771005352,wwwashwnmbgnscom,rkwxrcaglsbk
215,fvnwvgsajvkhk,fvnwvgsajvkhkypjtcdfmyebokd@gmailcom,8811077042,wwwfvnwvgsajvkhkcom,rkwxrcaglsbk
257,gqnnmmurqm,gqnnmmurqmfpwpxaqryke@gmailcom,41813055,wwwgqnnmmurqmcom,rkwxrcaglsbk
302,lehhvkniv,lehhvknivvhcnhydujt@gmailcom,3502685503,wwwlehhvknivcom,rkwxrcaglsbk
463,uiloknqcm,uiloknqcmbebjytkpny@gmailcom,7628171665,wwwuiloknqcmcom,rkwxrcaglsbk
553,osasbwdege,osasbwdegegdomrwalvuv@gmailcom,7357085417,wwwosasbwdegecom,rkwxrcaglsbk
646,bosnvbwdetctlk,bosnvbwdetctlkbgqumewqaayqljw@gmailcom,6788775042,wwwbosnvbwdetctlkcom,rkwxrcaglsbk
687,ddvpsh,ddvpshtdnbahu@gmailcom,7388653411,wwwddvpshcom,rkwxrcaglsbk
933,dfoaxohqdsvey,dfoaxohqdsveygsjvawjmubcmuc@gmailcom,3856374371,wwwdfoaxohqdsveycom,rkwxrcaglsbk
934,xjjkyqyxpuw,xjjkyqyxpuwlfrvfqfvwtka@gmailcom,6386130307,wwwxjjkyqyxpuwcom,rkwxrcaglsbk
2,tevprnfnxdjm,tevprnfnxdjmovdgruththusj@gmailcom,4820366867,wwwtevprnfnxdjmcom,rqxasplduc
170,mggklkfxh,mggklkfxhslblxiwfug@gmailcom,6214385623,wwwmggklkfxhcom,rqxasplduc
345,alruhfrgmwcky,alruhfrgmwckyceqokgujcivmqe@gmailcom,3056528016,wwwalruhfrgmwckycom,rqxasplduc
420,acyavje,acyavjeaclayuco@gmailcom,5022047747,wwwacyavjecom,rqxasplduc
432,avurgeks,avurgeksmuwemjnmn@gmailcom,505018151,wwwavurgekscom,rqxasplduc
698,crkatlc,crkatlcftkpqcva@gmailcom,5834507604,wwwcrkatlccom,rqxasplduc
783,wolrqtjbbpklwo,wolrqtjbbpklwojraluebcvlxdtkc@gmailcom,3842072006,wwwwolrqtjbbpklwocom,rqxasplduc
863,hxltbvkaoqpaxg,hxltbvkaoqpaxggyanrcqmaabutau@gmailcom,3453227203,wwwhxltbvkaoqpaxgcom,rqxasplduc
929,gatyhotct,gatyhotctyoctykwpwd@gmailcom,5256616052,wwwgatyhotctcom,rqxasplduc
995,qtxjnntvmia,qtxjnntvmianjtbfhbupgxc@gmailcom,7021552548,wwwqtxjnntvmiacom,rqxasplduc
11,hcocwweuktt,hcocwweukttovndduqekdvs@gmailcom,7140387156,wwwhcocwweukttcom,rtpsutacafujsj
23,lhswmk,lhswmkjjierch@gmailcom,6728155431,wwwlhswmkcom,rtpsutacafujsj
75,qtdxyevn,qtdxyevnojeutumju@gmailcom,2402073277,wwwqtdxyevncom,rtpsutacafujsj
144,iooxha,iooxhaovcdatq@gmailcom,7411550217,wwwiooxhacom,rtpsutacafujsj
214,adyepivfbx,adyepivfbxhwbnswxmqgk@gmailcom,5137117563,wwwadyepivfbxcom,rtpsutacafujsj
220,jmdttlqcxieo,jmdttlqcxieotdjgnfmmpggbg@gmailcom,3876307771,wwwjmdttlqcxieocom,rtpsutacafujsj
367,yggmrvmgdopys,yggmrvmgdopyslrldutbnydrtty@gmailcom,7155263510,wwwyggmrvmgdopyscom,rtpsutacafujsj
418,tpxbvbfrwfs,tpxbvbfrwfsdhukinedxnug@gmailcom,6121017421,wwwtpxbvbfrwfscom,rtpsutacafujsj
605,wlsetnrxvedcy,wlsetnrxvedcyaulrxaibuatmcg@gmailcom,2027867481,wwwwlsetnrxvedcycom,rtpsutacafujsj
700,vhpedqf,vhpedqfreqoylyo@gmailcom,5232846678,wwwvhpedqfcom,rtpsutacafujsj
935,csshmeiwnqsu,csshmeiwnqsucgmafxcjvrjbb@gmailcom,3461310868,wwwcsshmeiwnqsucom,rtpsutacafujsj
999,dhhtbaxlw,dhhtbaxlwpjaiqqnqgy@gmailcom,258451688,wwwdhhtbaxlwcom,rtpsutacafujsj
1000,jcucvtg,jcucvtglvjuydrt@gmailcom,3660827442,wwwjcucvtgcom,rtpsutacafujsj
239,htmxukihokln,htmxukihoklnbercpjnyibujv@gmailcom,7304533212,wwwhtmxukihoklncom,rudhadwsciv
277,csncyjvxo,csncyjvxokdckrhsheb@gmailcom,1051047288,wwwcsncyjvxocom,rudhadwsciv
785,hvmwweupqhia,hvmwweupqhiahibtouulecdhv@gmailcom,5511653884,wwwhvmwweupqhiacom,rudhadwsciv
954,lncwofvjqbu,lncwofvjqbunjkycvhbydxy@gmailcom,6575143420,wwwlncwofvjqbucom,rudhadwsciv
975,erybnrgqi,erybnrgqiadqgleypld@gmailcom,4534006281,wwwerybnrgqicom,rudhadwsciv
987,epiyhfqoiy,epiyhfqoiydswatgjmivv@gmailcom,8720541741,wwwepiyhfqoiycom,rudhadwsciv
417,icjdvhp,icjdvhpeaeuhxng@gmailcom,3556027206,wwwicjdvhpcom,rytkekhi
649,fjthxjs,fjthxjswmadijma@gmailcom,7836237535,wwwfjthxjscom,rytkekhi
716,kojgoxea,kojgoxeayxqiemedh@gmailcom,614802486,wwwkojgoxeacom,rytkekhi
754,ohpnmy,ohpnmypbogrem@gmailcom,3033635888,wwwohpnmycom,rytkekhi
925,sccdswda,sccdswdaseefjvjfx@gmailcom,4500621427,wwwsccdswdacom,rytkekhi
982,fvdenttbln,fvdenttblngwrjiqnsovc@gmailcom,2588575107,wwwfvdenttblncom,rytkekhi
86,cxukgiptn,cxukgiptnkxyefowkho@gmailcom,146213050,wwwcxukgiptncom,sffxawqear
152,bmyygoopei,bmyygoopeiqtmuxhbpdvd@gmailcom,2552775567,wwwbmyygoopeicom,sffxawqear
193,ucdvdgujjma,ucdvdgujjmapevoitqxlqlq@gmailcom,6325320275,wwwucdvdgujjmacom,sffxawqear
334,sokiimhbkpm,sokiimhbkpmcoqqlsvumhoa@gmailcom,3158502875,wwwsokiimhbkpmcom,sffxawqear
353,wxycuoridn,wxycuoridnibdetrbtmxy@gmailcom,2303610052,wwwwxycuoridncom,sffxawqear
511,qqkgjishpc,qqkgjishpcsanwlvosmwg@gmailcom,4473837830,wwwqqkgjishpccom,sffxawqear
568,bvwtpgbtxj,bvwtpgbtxjdfjakdpsmhv@gmailcom,4546521826,wwwbvwtpgbtxjcom,sffxawqear
571,lmnrchup,lmnrchupdfntwcvrh@gmailcom,4652171158,wwwlmnrchupcom,sffxawqear
573,dedtobue,dedtobueomviomsbt@gmailcom,1152675827,wwwdedtobuecom,sffxawqear
611,fyrkukqbvbdtg,fyrkukqbvbdtgdgsmavpwwbisnl@gmailcom,4746776377,wwwfyrkukqbvbdtgcom,sffxawqear
676,buwlciiqri,buwlciiqriqyabppvbwck@gmailcom,6551533203,wwwbuwlciiqricom,sffxawqear
978,jhmuamaawfsue,jhmuamaawfsuejeyxljheuxpncy@gmailcom,1108774031,wwwjhmuamaawfsuecom,sffxawqear
63,cxcgyqwwpktu,cxcgyqwwpktukwlxxkwmpqyjb@gmailcom,3228362245,wwwcxcgyqwwpktucom,sfqjpv
129,erynejwud,erynejwudvaxqmrhahs@gmailcom,334011518,wwwerynejwudcom,sfqjpv
209,rhtidlwrga,rhtidlwrgafpdqwstwdhd@gmailcom,4668554715,wwwrhtidlwrgacom,sfqjpv
290,olqcavfdlgp,olqcavfdlgpwclvhraolnxg@gmailcom,2385448406,wwwolqcavfdlgpcom,sfqjpv
323,buunow,buunowindkkaj@gmailcom,2734637160,wwwbuunowcom,sfqjpv
338,pkxsxttqbwgefc,pkxsxttqbwgefccrrubtpjvvrrjfp@gmailcom,2514673540,wwwpkxsxttqbwgefccom,sfqjpv
387,cmvhiod,cmvhiodniogjyjb@gmailcom,7221421537,wwwcmvhiodcom,sfqjpv
393,mblertmbnhb,mblertmbnhbttnjeluavxan@gmailcom,8035524441,wwwmblertmbnhbcom,sfqjpv
409,dxhexcanl,dxhexcanllsygsrkpci@gmailcom,1640461167,wwwdxhexcanlcom,sfqjpv
496,fvgjynngvxg,fvgjynngvxgqoytgnwmqdtm@gmailcom,2836773823,wwwfvgjynngvxgcom,sfqjpv
533,ulclmthg,ulclmthgpcleufhnc@gmailcom,5217072880,wwwulclmthgcom,sfqjpv
580,ihldtsu,ihldtsuhqxbmioc@gmailcom,7560141431,wwwihldtsucom,sfqjpv
596,eetkfrxkyec,eetkfrxkyecbgrvnlkqqbqg@gmailcom,1352102758,wwweetkfrxkyeccom,sfqjpv
608,xlrjimemmpgctq,xlrjimemmpgctqnbtxawwlvbgleni@gmailcom,6254447760,wwwxlrjimemmpgctqcom,sfqjpv
690,mfvbcxvnfhrspx,mfvbcxvnfhrspxhmkvhvhjbtdbdrb@gmailcom,4440711108,wwwmfvbcxvnfhrspxcom,sfqjpv
703,pyatqxlcowejqw,pyatqxlcowejqwnhbjcehsqdqbubh@gmailcom,5187006715,wwwpyatqxlcowejqwcom,sfqjpv
840,nmopucanmmow,nmopucanmmowhaxogyamfwhyn@gmailcom,540681855,wwwnmopucanmmowcom,sfqjpv
845,hwjasfsjassdv,hwjasfsjassdvctgmvjyeealacs@gmailcom,7652874514,wwwhwjasfsjassdvcom,sfqjpv
970,cfeltsonm,cfeltsonmnyoowgkwpm@gmailcom,84815544,wwwcfeltsonmcom,sfqjpv
988,usojdgj,usojdgjnnfochod@gmailcom,2438450477,wwwusojdgjcom,sfqjpv
12,igwtlihvhmrsif,igwtlihvhmrsifydlwlbuirtikans@gmailcom,1473340723,wwwigwtlihvhmrsifcom,sgiveqadxnwngl
77,bhvoue,bhvouefaurmjk@gmailcom,7113560506,wwwbhvouecom,sgiveqadxnwngl
101,omuclnbhm,omuclnbhmtdpcrfismd@gmailcom,7583228454,wwwomuclnbhmcom,sgiveqadxnwngl
240,krckmrfltdlog,krckmrfltdlogexgfilpcnbjirt@gmailcom,3246150145,wwwkrckmrfltdlogcom,sgiveqadxnwngl
247,etdjvkcikpulo,etdjvkcikpuloxaewhinryelfxi@gmailcom,3285140877,wwwetdjvkcikpulocom,sgiveqadxnwngl
291,gnqxih,gnqxihschlrcq@gmailcom,4761176557,wwwgnqxihcom,sgiveqadxnwngl
528,hdfgbsev,hdfgbsevvuajxvvja@gmailcom,1500020673,wwwhdfgbsevcom,sgiveqadxnwngl
585,klyyrm,klyyrmsdhakyf@gmailcom,365584660,wwwklyyrmcom,sgiveqadxnwngl
759,loxuutvr,loxuutvrpwjianlec@gmailcom,3634076643,wwwloxuutvrcom,sgiveqadxnwngl
780,wwqkxmevjpk,wwqkxmevjpkrmsphganfyja@gmailcom,1168608884,wwwwwqkxmevjpkcom,sgiveqadxnwngl
808,cbqxkjvsqux,cbqxkjvsquxbbpokkfytvmy@gmailcom,773002574,wwwcbqxkjvsquxcom,sgiveqadxnwngl
827,icdagppaqjhts,icdagppaqjhtsodsrvwulkqjcbt@gmailcom,5420800414,wwwicdagppaqjhtscom,sgiveqadxnwngl
835,ydlyauelunc,ydlyaueluncovxmyyndfmca@gmailcom,7287256527,wwwydlyauelunccom,sgiveqadxnwngl
903,mornxvm,mornxvmputvsrgb@gmailcom,3021845581,wwwmornxvmcom,sgiveqadxnwngl
962,swkepwvmbwhgm,swkepwvmbwhgmigmkcnjansyiyr@gmailcom,7646583844,wwwswkepwvmbwhgmcom,sgiveqadxnwngl
28,seoylnalsrvpr,seoylnalsrvproookfghsnsyisa@gmailcom,6405625168,wwwseoylnalsrvprcom,shgktpo
161,rdxcaw,rdxcawgqkmimx@gmailcom,4708164002,wwwrdxcawcom,shgktpo
168,xqynduahrf,xqynduahrfvdugndysoqs@gmailcom,5583671317,wwwxqynduahrfcom,shgktpo
195,aaoldnixaff,aaoldnixaffbiqbeflsglqd@gmailcom,2170415042,wwwaaoldnixaffcom,shgktpo
235,jiqcsynynpeqtn,jiqcsynynpeqtngmhsrmrkoqdamcc@gmailcom,6304604637,wwwjiqcsynynpeqtncom,shgktpo
356,ekxdffmxtjd,ekxdffmxtjdmulkntwolnnb@gmailcom,6327856144,wwwekxdffmxtjdcom,shgktpo
380,fuhasmibquhytf,fuhasmibquhytfhqdkawtpabjihkw@gmailcom,1752843338,wwwfuhasmibquhytfcom,shgktpo
408,suberdj,suberdjfmphjvhb@gmailcom,3462886066,wwwsuberdjcom,shgktpo
415,fccwrjorqyafdk,fccwrjorqyafdkmtjmefcdagbgqrm@gmailcom,1043337658,wwwfccwrjorqyafdkcom,shgktpo
445,tcicqgqbvdcyw,tcicqgqbvdcywqfbbjcqrjnfdbj@gmailcom,6363208772,wwwtcicqgqbvdcywcom,shgktpo
551,ojnfjknm,ojnfjknmfgicbnpmr@gmailcom,7436353304,wwwojnfjknmcom,shgktpo
721,rodatf,rodatfrgqickf@gmailcom,5654825836,wwwrodatfcom,shgktpo
985,gnbwqmtqou,gnbwqmtqoudpkrlkcwojx@gmailcom,3486865422,wwwgnbwqmtqoucom,shgktpo
58,dnxsbxrsxoq,dnxsbxrsxoqcdojwsigtaxp@gmailcom,436011535,wwwdnxsbxrsxoqcom,siahmkmyagefx
99,hlcimtm,hlcimtmkdnnljpo@gmailcom,1076250877,wwwhlcimtmcom,siahmkmyagefx
124,qkhaurnyljr,qkhaurnyljrtpjluxnprpoy@gmailcom,1723038472,wwwqkhaurnyljrcom,siahmkmyagefx
406,btvpnd,btvpndpbfaiqr@gmailcom,2033102076,wwwbtvpndcom,siahmkmyagefx
498,wdopvtj,wdopvtjqggvtsik@gmailcom,4347832724,wwwwdopvtjcom,siahmkmyagefx
562,drgixxvovwo,drgixxvovwoatyvdqpkjtve@gmailcom,6311482304,wwwdrgixxvovwocom,siahmkmyagefx
666,vnubwkiqdpjivg,vnubwkiqdpjivgfonjvniuelfmtvy@gmailcom,1630532517,wwwvnubwkiqdpjivgcom,siahmkmyagefx
693,lvrkkkpktlwepf,lvrkkkpktlwepfvpppqaytmjjejft@gmailcom,54878115,wwwlvrkkkpktlwepfcom,siahmkmyagefx
756,kkcfuthkbkpno,kkcfuthkbkpnogqvasncvxbeswf@gmailcom,5887412253,wwwkkcfuthkbkpnocom,siahmkmyagefx
804,jltdytbfk,jltdytbfkuawxjeocaj@gmailcom,4414216534,wwwjltdytbfkcom,siahmkmyagefx
47,uwchbh,uwchbhlraafxa@gmailcom,3006245133,wwwuwchbhcom,slbqfpebe
62,ymiedivdosfqx,ymiedivdosfqxrcruddedxbhcta@gmailcom,8408547101,wwwymiedivdosfqxcom,slbqfpebe
325,qaybfxx,qaybfxxxkihjqej@gmailcom,3774655406,wwwqaybfxxcom,slbqfpebe
346,kvtsmdnsksq,kvtsmdnsksqakyatkxhmcpc@gmailcom,2382848316,wwwkvtsmdnsksqcom,slbqfpebe
470,uhkmitvadgfwy,uhkmitvadgfwyncpqlqekjqdsbe@gmailcom,6100562241,wwwuhkmitvadgfwycom,slbqfpebe
534,empeae,empeaeiaaxkoj@gmailcom,6362635671,wwwempeaecom,slbqfpebe
786,gmssvetmvaxx,gmssvetmvaxxewrvroyjnqxgl@gmailcom,646727584,wwwgmssvetmvaxxcom,slbqfpebe
811,joqteavnkcs,joqteavnkcsmsdksqpkreuj@gmailcom,2522516615,wwwjoqteavnkcscom,slbqfpebe
838,qucges,qucgesvjftugc@gmailcom,3604351223,wwwqucgescom,slbqfpebe
853,piuxouiitmyxmt,piuxouiitmyxmtyuxfaogqkjwancw@gmailcom,8565161011,wwwpiuxouiitmyxmtcom,slbqfpebe
976,iahoqapouqqvgd,iahoqapouqqvgdjraujishsrwwdbh@gmailcom,454042427,wwwiahoqapouqqvgdcom,slbqfpebe
980,xrermyuv,xrermyuvdabynxtrw@gmailcom,8284501834,wwwxrermyuvcom,slbqfpebe
448,jdlixybm,jdlixybmkxpmwwgxo@gmailcom,3410460287,wwwjdlixybmcom,tvxullxacfr
472,ggvdwmtdqrrwkd,ggvdwmtdqrrwkdurtxsladjgivobl@gmailcom,7542321170,wwwggvdwmtdqrrwkdcom,tvxullxacfr
493,hydxyluej,hydxyluejcqevxuensm@gmailcom,5757312726,wwwhydxyluejcom,tvxullxacfr
513,isekxc,isekxcgdppabw@gmailcom,5280866757,wwwisekxccom,tvxullxacfr
559,hiqvjq,hiqvjqpruqhru@gmailcom,688812381,wwwhiqvjqcom,tvxullxacfr
696,lemugoooqapsd,lemugoooqapsdarbxldgksdfoec@gmailcom,7062414567,wwwlemugoooqapsdcom,tvxullxacfr
714,fswktvvjqbi,fswktvvjqbilojiigkiahck@gmailcom,5263228037,wwwfswktvvjqbicom,tvxullxacfr
981,wnnerub,wnnerubtoxmypkn@gmailcom,204301045,wwwwnnerubcom,tvxullxacfr
132,cspypdvya,cspypdvyaxwkfxvxjmv@gmailcom,5218160561,wwwcspypdvyacom,ujeccplcqhleiec
360,flhmnhh,flhmnhhjirmepgc@gmailcom,6783064670,wwwflhmnhhcom,ujeccplcqhleiec
455,eopfloq,eopfloqojfxswmo@gmailcom,5285747483,wwweopfloqcom,ujeccplcqhleiec
499,ifntxbeaja,ifntxbeajaurlygfuasag@gmailcom,6382344610,wwwifntxbeajacom,ujeccplcqhleiec
576,sytlnuexx,sytlnuexxagfhrokeey@gmailcom,4404421630,wwwsytlnuexxcom,ujeccplcqhleiec
684,fispxusaaqvy,fispxusaaqvyqayeenmvmlrbl@gmailcom,8488452078,wwwfispxusaaqvycom,ujeccplcqhleiec
707,oicdjq,oicdjqkpmxejs@gmailcom,4700510525,wwwoicdjqcom,ujeccplcqhleiec
798,rmdppyeiop,rmdppyeiopxfgufjfeolg@gmailcom,7670016136,wwwrmdppyeiopcom,ujeccplcqhleiec
850,hixmfer,hixmferjxpinkln@gmailcom,8010065458,wwwhixmfercom,ujeccplcqhleiec
871,yuhsmpxxmvrout,yuhsmpxxmvroutljmlqijypveqfjj@gmailcom,6812657411,wwwyuhsmpxxmvroutcom,ujeccplcqhleiec
923,nmueqjcr,nmueqjcrbbkuwitxl@gmailcom,5028151080,wwwnmueqjcrcom,ujeccplcqhleiec
204,oswrnbp,oswrnbpmshrikxg@gmailcom,7424428206,wwwoswrnbpcom,vaoykhj
275,ggwdlyhjd,ggwdlyhjdrxubcgxjen@gmailcom,3480008588,wwwggwdlyhjdcom,vaoykhj
392,ecklwbvbhbtcct,ecklwbvbhbtcctsfsmcmisolmvpdo@gmailcom,8565613033,wwwecklwbvbhbtcctcom,vaoykhj
404,ocapipxifmsxe,ocapipxifmsxegwyeiojtlrpatf@gmailcom,338380382,wwwocapipxifmsxecom,vaoykhj
519,qxyfcusv,qxyfcusvdpgbtfwud@gmailcom,4055673318,wwwqxyfcusvcom,vaoykhj
536,raerhgfyi,raerhgfyimmkmnlchct@gmailcom,545054238,wwwraerhgfyicom,vaoykhj
592,ckikeuimfqwmsw,ckikeuimfqwmswxbfcsxunfokkgwx@gmailcom,5780507747,wwwckikeuimfqwmswcom,vaoykhj
677,oaavav,oaavavmhalyrq@gmailcom,1276510370,wwwoaavavcom,vaoykhj
708,husahlk,husahlknulssjxf@gmailcom,8747667076,wwwhusahlkcom,vaoykhj
728,fmweajs,fmweajseiiyiioa@gmailcom,7367475216,wwwfmweajscom,vaoykhj
781,bfnptbubcn,bfnptbubcnypkuejdaobt@gmailcom,4182661285,wwwbfnptbubcncom,vaoykhj
206,gdbhshr,gdbhshrfibsqfwg@gmailcom,8070075337,wwwgdbhshrcom,viohdwniudbjcp
268,rkhpbrckrjleu,rkhpbrckrjleujyxsgxuvsvwlfd@gmailcom,380600226,wwwrkhpbrckrjleucom,viohdwniudbjcp
357,fgkmbreftndsnh,fgkmbreftndsnhnseoaqmvjlesdrd@gmailcom,3108363254,wwwfgkmbreftndsnhcom,viohdwniudbjcp
529,xewdlkgov,xewdlkgovlhciujxmgt@gmailcom,5385456260,wwwxewdlkgovcom,viohdwniudbjcp
535,sdhvmfpdg,sdhvmfpdgqhqbapdtqc@gmailcom,8624612777,wwwsdhvmfpdgcom,viohdwniudbjcp
746,bbypwaawmu,bbypwaawmusglwxpojhus@gmailcom,6785323880,wwwbbypwaawmucom,viohdwniudbjcp
774,nevwdjivtb,nevwdjivtbjrotmohlfdi@gmailcom,2811026546,wwwnevwdjivtbcom,viohdwniudbjcp
33,aehnekfmpgco,aehnekfmpgcovwwqaeyltoaln@gmailcom,7441423376,wwwaehnekfmpgcocom,vrrcgoxaix
284,utbvxkkd,utbvxkkdhyglmmutt@gmailcom,7357244065,wwwutbvxkkdcom,vrrcgoxaix
436,bwfqtlnrggvrj,bwfqtlnrggvrjgfponqlfyntwem@gmailcom,3754784033,wwwbwfqtlnrggvrjcom,vrrcgoxaix
577,ytbtmuokggr,ytbtmuokggrudoxhfitkhqu@gmailcom,8620355717,wwwytbtmuokggrcom,vrrcgoxaix
862,pybeqa,pybeqadxhclns@gmailcom,6813443031,wwwpybeqacom,vrrcgoxaix
889,rhqsjcjffvt,rhqsjcjffvtjlaxujcxyhvi@gmailcom,7063265633,wwwrhqsjcjffvtcom,vrrcgoxaix
996,rpiiuy,rpiiuyuvnxlgc@gmailcom,2611814583,wwwrpiiuycom,vrrcgoxaix
40,tjpaag,tjpaagfhihwnv@gmailcom,6688714518,wwwtjpaagcom,wchsucpnsmiep
52,mogwri,mogwrivmfvfhn@gmailcom,5238188568,wwwmogwricom,wchsucpnsmiep
342,cpqvywwlqh,cpqvywwlqhumcsowaqtbq@gmailcom,4864780760,wwwcpqvywwlqhcom,wchsucpnsmiep
382,qdqheqhut,qdqheqhuteqtsttpvby@gmailcom,8636408874,wwwqdqheqhutcom,wchsucpnsmiep
518,bpfkyggdbt,bpfkyggdbtqkfjcyrhhwh@gmailcom,7286410853,wwwbpfkyggdbtcom,wchsucpnsmiep
522,uhvhmuqlhufh,uhvhmuqlhufhsgjvvkmbcdbmr@gmailcom,7710664602,wwwuhvhmuqlhufhcom,wchsucpnsmiep
575,dgnkjxsgqdil,dgnkjxsgqdilwlegopybkkxmt@gmailcom,7722355610,wwwdgnkjxsgqdilcom,wchsucpnsmiep
595,rqeowdwtdstmd,rqeowdwtdstmdttukolgfktgmfp@gmailcom,8635016310,wwwrqeowdwtdstmdcom,wchsucpnsmiep
630,ettbvwdj,ettbvwdjfowdkyekr@gmailcom,7312114044,wwwettbvwdjcom,wchsucpnsmiep
760,lmgtocurtsium,lmgtocurtsiumrqndvblpejnekp@gmailcom,2634782470,wwwlmgtocurtsiumcom,wchsucpnsmiep
809,pbtxdroiicsndu,pbtxdroiicsnduhofmbkmdnyuwtra@gmailcom,4725564727,wwwpbtxdroiicsnducom,wchsucpnsmiep
900,daahtbynmnnb,daahtbynmnnbuytvylujpgttk@gmailcom,2745265636,wwwdaahtbynmnnbcom,wchsucpnsmiep
9,grvmthycnqj,grvmthycnqjblnqtpftqqho@gmailcom,6542636135,wwwgrvmthycnqjcom,wxqvbvphaoniw
20,kiebbi,kiebbivtqwjpo@gmailcom,6461287782,wwwkiebbicom,wxqvbvphaoniw
64,aqhmudoyu,aqhmudoyujmomtigjqj@gmailcom,6143888683,wwwaqhmudoyucom,wxqvbvphaoniw
76,abjaehbotsik,abjaehbotsikixsofnhxdhwii@gmailcom,6603267420,wwwabjaehbotsikcom,wxqvbvphaoniw
84,vurfvysryymipn,vurfvysryymipnyvereuxsoiufwjv@gmailcom,1347581232,wwwvurfvysryymipncom,wxqvbvphaoniw
347,xwkmaawvyslh,xwkmaawvyslhdnegiobriaqas@gmailcom,5660067110,wwwxwkmaawvyslhcom,wxqvbvphaoniw
426,vqmrcygyrhlsnc,vqmrcygyrhlsncbgegwhqrdxahmdk@gmailcom,1368206072,wwwvqmrcygyrhlsnccom,wxqvbvphaoniw
434,wnjkeelfukffm,wnjkeelfukffmsgvyyferbcprwf@gmailcom,273811738,wwwwnjkeelfukffmcom,wxqvbvphaoniw
451,bgemrfafd,bgemrfafdbdbhaukwlv@gmailcom,8128862500,wwwbgemrfafdcom,wxqvbvphaoniw
457,wfmtlolbj,wfmtlolbjitaxrubfse@gmailcom,6571240806,wwwwfmtlolbjcom,wxqvbvphaoniw
523,gmmhldlqc,gmmhldlqcpmwnwbspqc@gmailcom,3052084134,wwwgmmhldlqccom,wxqvbvphaoniw
558,jslcsilogdljb,jslcsilogdljbgvabwrfmnhctcb@gmailcom,8475663656,wwwjslcsilogdljbcom,wxqvbvphaoniw
598,gdorvw,gdorvwoofgpeo@gmailcom,1738202165,wwwgdorvwcom,wxqvbvphaoniw
709,tspujelv,tspujelvdhmqvwlts@gmailcom,8883001366,wwwtspujelvcom,wxqvbvphaoniw
778,xikjpxkxe,xikjpxkxedjrwxykxoo@gmailcom,7304546887,wwwxikjpxkxecom,wxqvbvphaoniw
79,xlkaxl,xlkaxlqmfmjax@gmailcom,7540434001,wwwxlkaxlcom,xfdkhidkwl
313,xscobeovmaqhdj,xscobeovmaqhdjmbalcurcxpsxbff@gmailcom,1156724156,wwwxscobeovmaqhdjcom,xfdkhidkwl
350,lhovtesrxdpyi,lhovtesrxdpyiuiwnqiivcbeelo@gmailcom,2466414140,wwwlhovtesrxdpyicom,xfdkhidkwl
516,pkkelfblymwx,pkkelfblymwxhpnmuxaiovibi@gmailcom,1542554318,wwwpkkelfblymwxcom,xfdkhidkwl
722,wrcbsmplnudviq,wrcbsmplnudviquhnptqpxlofvmrt@gmailcom,843401166,wwwwrcbsmplnudviqcom,xfdkhidkwl
739,bcvjabwuwfwla,bcvjabwuwfwlafgftyigpukyiwv@gmailcom,1476370088,wwwbcvjabwuwfwlacom,xfdkhidkwl
71,drioxr,drioxruehlsrk@gmailcom,2045748828,wwwdrioxrcom,xomfxxmn
221,khlbkmcswpq,khlbkmcswpqyybjvugfhnhd@gmailcom,1780650851,wwwkhlbkmcswpqcom,xomfxxmn
335,xjtgyycnwf,xjtgyycnwfdswxwlyyiyw@gmailcom,1071020048,wwwxjtgyycnwfcom,xomfxxmn
829,ashcaocl,ashcaoclqkqsjkmif@gmailcom,5210818127,wwwashcaoclcom,xomfxxmn
831,flgwasdmhkibc,flgwasdmhkibcskaysrhfgrdpvv@gmailcom,1440502783,wwwflgwasdmhkibccom,xomfxxmn
839,sqyaqluqku,sqyaqluqkupebujomydui@gmailcom,321176717,wwwsqyaqluqkucom,xomfxxmn
136,beugkgbfby,beugkgbfbyoburplhjkpb@gmailcom,8787862063,wwwbeugkgbfbycom,yedyyuhrgm
385,ptpegtl,ptpegtlqfpheses@gmailcom,4251840136,wwwptpegtlcom,yedyyuhrgm
505,pnlhsfe,pnlhsfeexfpwkfl@gmailcom,4785850374,wwwpnlhsfecom,yedyyuhrgm
695,jqpprlkiihqi,jqpprlkiihqifohqbbqnuvqkt@gmailcom,2345183787,wwwjqpprlkiihqicom,yedyyuhrgm
747,ecbpphhq,ecbpphhqnylkiflmt@gmailcom,5157811661,wwwecbpphhqcom,yedyyuhrgm
823,qkftgu,qkftgufkvyxfu@gmailcom,6025682422,wwwqkftgucom,yedyyuhrgm
918,jduryfgdjwd,jduryfgdjwdsahbgqfsydeq@gmailcom,834276084,wwwjduryfgdjwdcom,yedyyuhrgm
949,mmvlutyqbljle,mmvlutyqbljleqemeiucnxvixop@gmailcom,6563103481,wwwmmvlutyqbljlecom,yedyyuhrgm
3,nqntynjlse,nqntynjlselxeqivcpins@gmailcom,6587643837,wwwnqntynjlsecom,yfjmnbjaskwyhlq
44,svnbujkdtinhnl,svnbujkdtinhnlaefufwtexmwiaox@gmailcom,5061737788,wwwsvnbujkdtinhnlcom,yfjmnbjaskwyhlq
111,akoqlafyijviud,akoqlafyijviudhvpmviwlkvvdfmk@gmailcom,5615784638,wwwakoqlafyijviudcom,yfjmnbjaskwyhlq
131,bnvcyblcqhy,bnvcyblcqhyvlmuvujvvffx@gmailcom,2867245408,wwwbnvcyblcqhycom,yfjmnbjaskwyhlq
134,hvgnmi,hvgnmibeimhql@gmailcom,5603061476,wwwhvgnmicom,yfjmnbjaskwyhlq
205,lqbphlhpmtcm,lqbphlhpmtcmbkfiphkokdwil@gmailcom,6575346723,wwwlqbphlhpmtcmcom,yfjmnbjaskwyhlq
315,gafavyog,gafavyogxmagfvdtb@gmailcom,2534631157,wwwgafavyogcom,yfjmnbjaskwyhlq
453,cxggpiyxpjnwr,cxggpiyxpjnwrhbbgwlgatqwcug@gmailcom,1517120810,wwwcxggpiyxpjnwrcom,yfjmnbjaskwyhlq
589,buitigmayvkru,buitigmayvkruolgqoqxvenbymj@gmailcom,3067710024,wwwbuitigmayvkrucom,yfjmnbjaskwyhlq
674,vfchylgbccsy,vfchylgbccsyjkkkkbmcolnni@gmailcom,4814312852,wwwvfchylgbccsycom,yfjmnbjaskwyhlq
782,atordxecdjt,atordxecdjtduicrschvjrr@gmailcom,8728304815,wwwatordxecdjtcom,yfjmnbjaskwyhlq
818,yeagffhlsgh,yeagffhlsghjaycladyqoxs@gmailcom,8665084024,wwwyeagffhlsghcom,yfjmnbjaskwyhlq
822,vhrocn,vhrocngqjggxw@gmailcom,8038834001,wwwvhrocncom,yfjmnbjaskwyhlq
881,koipgcosa,koipgcosaarcjokewsj@gmailcom,1826165063,wwwkoipgcosacom,yfjmnbjaskwyhlq
887,ftrixmfkta,ftrixmfktalqpumdwcppn@gmailcom,4408502061,wwwftrixmfktacom,yfjmnbjaskwyhlq
891,kkjsdqhr,kkjsdqhrpcrqmdgsy@gmailcom,6540238854,wwwkkjsdqhrcom,yfjmnbjaskwyhlq
928,ixkjclqsfsfy,ixkjclqsfsfyndmhhcjvqtkgt@gmailcom,8405158110,wwwixkjclqsfsfycom,yfjmnbjaskwyhlq
32,uirsynxtkgafv,uirsynxtkgafvnhbamdsivafjpq@gmailcom,5246824015,wwwuirsynxtkgafvcom,ygmkbuqqdwb
223,rossbpnqk,rossbpnqkfyibkqgkjk@gmailcom,7386402821,wwwrossbpnqkcom,ygmkbuqqdwb
243,atgfmbmbp,atgfmbmbpjyrcsrcvic@gmailcom,4856631658,wwwatgfmbmbpcom,ygmkbuqqdwb
390,xqxapsinb,xqxapsinbwtavjgirih@gmailcom,764070232,wwwxqxapsinbcom,ygmkbuqqdwb
492,fbbpwdv,fbbpwdvaaqmcumv@gmailcom,2112075036,wwwfbbpwdvcom,ygmkbuqqdwb
512,rynsioxk,rynsioxknqjprmtfa@gmailcom,648035460,wwwrynsioxkcom,ygmkbuqqdwb
526,ifnnpfmlg,ifnnpfmlghoiymnrqpr@gmailcom,8124153145,wwwifnnpfmlgcom,ygmkbuqqdwb
618,iknwsvmhjt,iknwsvmhjthgdjiyebsct@gmailcom,5447771723,wwwiknwsvmhjtcom,ygmkbuqqdwb
788,svseocttvd,svseocttvdwajshetwwma@gmailcom,5443568043,wwwsvseocttvdcom,ygmkbuqqdwb
914,ajvgfk,ajvgfkdobjelp@gmailcom,1707172553,wwwajvgfkcom,ygmkbuqqdwb
983,lsulytgbyufee,lsulytgbyufeexntubreitpbvlk@gmailcom,1173885172,wwwlsulytgbyufeecom,ygmkbuqqdwb
31,jitaiiunq,jitaiiunqthlvnheusj@gmailcom,1114403058,wwwjitaiiunqcom,yhbssoouf
154,jpgbwwjte,jpgbwwjteodtokpyrlh@gmailcom,5381457463,wwwjpgbwwjtecom,yhbssoouf
176,incisbo,incisbokwlrdiey@gmailcom,2356174286,wwwincisbocom,yhbssoouf
177,umsmxoyc,umsmxoycfohgbxplc@gmailcom,1346333543,wwwumsmxoyccom,yhbssoouf
217,sgxscen,sgxscenmggdyttw@gmailcom,143873682,wwwsgxscencom,yhbssoouf
228,aevrlkjaer,aevrlkjaervsjjgbiggte@gmailcom,3170643402,wwwaevrlkjaercom,yhbssoouf
281,xrsgmtjrrwgs,xrsgmtjrrwgsplggnqmroyjbt@gmailcom,1804838234,wwwxrsgmtjrrwgscom,yhbssoouf
341,eitwfuhoytjey,eitwfuhoytjeyaxtaertgquvrku@gmailcom,6418886433,wwweitwfuhoytjeycom,yhbssoouf
407,ijunwixihlyn,ijunwixihlynrykeweqneryly@gmailcom,6724264553,wwwijunwixihlyncom,yhbssoouf
802,wkemko,wkemkonwtrxbx@gmailcom,2610855011,wwwwkemkocom,yhbssoouf
893,omufnudflw,omufnudflwkapwxhmljat@gmailcom,6183838413,wwwomufnudflwcom,yhbssoouf
959,idnmxolwfvwo,idnmxolwfvwoljxwkrhskkypn@gmailcom,6723000154,wwwidnmxolwfvwocom,yhbssoouf
7,teassnnmvc,teassnnmvceqwveksfrkf@gmailcom,3802600674,wwwteassnnmvccom,ykaqopmko
15,nsqykypmwirgkp,nsqykypmwirgkprindgmknsbsjfnh@gmailcom,2286262680,wwwnsqykypmwirgkpcom,ykaqopmko
68,vvnvbdykdoqu,vvnvbdykdoqurpslyknvgwlgr@gmailcom,2127061727,wwwvvnvbdykdoqucom,ykaqopmko
109,jlurjsp,jlurjspyisvjeuo@gmailcom,6667650750,wwwjlurjspcom,ykaqopmko
196,eqkxtb,eqkxtbknrlkkv@gmailcom,8734261586,wwweqkxtbcom,ykaqopmko
198,nqpjohbug,nqpjohbugvrcenrhicw@gmailcom,4275648745,wwwnqpjohbugcom,ykaqopmko
229,ixepfrtyo,ixepfrtyojofcjayold@gmailcom,3056215061,wwwixepfrtyocom,ykaqopmko
588,jfitis,jfitisppursgc@gmailcom,7322864152,wwwjfitiscom,ykaqopmko
812,lchqitsixxo,lchqitsixxoenddesuhhtlg@gmailcom,4622557035,wwwlchqitsixxocom,ykaqopmko
837,kinnjdfejx,kinnjdfejxvjafxggsqfk@gmailcom,5626732080,wwwkinnjdfejxcom,ykaqopmko
842,uhintqyagiupa,uhintqyagiupavmdlirgkfklsyr@gmailcom,5371557886,wwwuhintqyagiupacom,ykaqopmko
905,uqssmbbagxi,uqssmbbagxibdtomdljobfv@gmailcom,8005558715,wwwuqssmbbagxicom,ykaqopmko
930,koetvbol,koetvbolbodwdphuv@gmailcom,612077344,wwwkoetvbolcom,ykaqopmko
296,ydovebfss,ydovebfssakhtyjyrrq@gmailcom,1636338181,wwwydovebfsscom,ytlmfklsslgt
326,qpjgqvf,qpjgqvfmvhvknva@gmailcom,3536203130,wwwqpjgqvfcom,ytlmfklsslgt
441,sthjef,sthjefywysdve@gmailcom,8720206603,wwwsthjefcom,ytlmfklsslgt
458,qyngrwhienwosq,qyngrwhienwosqgivvukdyfdtvfld@gmailcom,3081856455,wwwqyngrwhienwosqcom,ytlmfklsslgt
546,jqvsfjwrcrne,jqvsfjwrcrnexjonvkemqdhaf@gmailcom,8812716233,wwwjqvsfjwrcrnecom,ytlmfklsslgt
624,lygamkxe,lygamkxeenrkavhst@gmailcom,507434375,wwwlygamkxecom,ytlmfklsslgt
685,rmovjmkgfbk,rmovjmkgfbkecprcwvgphsr@gmailcom,2847220362,wwwrmovjmkgfbkcom,ytlmfklsslgt
748,idqbuy,idqbuyabgjbhn@gmailcom,766762115,wwwidqbuycom,ytlmfklsslgt
943,klgtxdobap,klgtxdobaptmoxergwgdt@gmailcom,7383202086,wwwklgtxdobapcom,ytlmfklsslgt
966,pgdxnqm,pgdxnqmsagpsanf@gmailcom,1346852884,wwwpgdxnqmcom,ytlmfklsslgt
36,vxxggvndg,vxxggvndgmtjssxmqiq@gmailcom,2817400345,wwwvxxggvndgcom,yuyncjpwl
42,rbrwsrnpbqqmu,rbrwsrnpbqqmuulwamyneccmufc@gmailcom,7180255883,wwwrbrwsrnpbqqmucom,yuyncjpwl
253,jlpyiocpvvr,jlpyiocpvvrsddofthkstim@gmailcom,834500456,wwwjlpyiocpvvrcom,yuyncjpwl
510,tefwcfrbkvmety,tefwcfrbkvmetyhjybyfaicvdedfu@gmailcom,2720445236,wwwtefwcfrbkvmetycom,yuyncjpwl
581,frqdcftkfpvqah,frqdcftkfpvqahtlhafjfmvawjqqo@gmailcom,4643516260,wwwfrqdcftkfpvqahcom,yuyncjpwl
724,fdewjvrapcq,fdewjvrapcqvelclpjpeqeo@gmailcom,8623787024,wwwfdewjvrapcqcom,yuyncjpwl
921,jytiiehscm,jytiiehscmnqehuhyjoat@gmailcom,5735136182,wwwjytiiehscmcom,yuyncjpwl
106,ndmjuhhjxw,ndmjuhhjxwnugvhdxcpud@gmailcom,4321518608,wwwndmjuhhjxwcom,yxhmgfhbyofmti
175,bfdtkkcvgoyeha,bfdtkkcvgoyehamfijfyjycggwwwe@gmailcom,1728048446,wwwbfdtkkcvgoyehacom,yxhmgfhbyofmti
278,vlpowycduo,vlpowycduomxquuwjwosk@gmailcom,3786836288,wwwvlpowycduocom,yxhmgfhbyofmti
309,xfonbwcokccmqi,xfonbwcokccmqivqyenrbwodnbqbr@gmailcom,1617531437,wwwxfonbwcokccmqicom,yxhmgfhbyofmti
332,njiifxdbssruc,njiifxdbssrucaknvmwhsblplba@gmailcom,5178003427,wwwnjiifxdbssruccom,yxhmgfhbyofmti
340,qhxvaafcqcvmn,qhxvaafcqcvmnmcamhsuofnipkk@gmailcom,3332818178,wwwqhxvaafcqcvmncom,yxhmgfhbyofmti
374,muctfhhdkvmoj,muctfhhdkvmojqawxndgievpnbr@gmailcom,3062323513,wwwmuctfhhdkvmojcom,yxhmgfhbyofmti
424,iakhmgdb,iakhmgdbrdmmlsngv@gmailcom,765078665,wwwiakhmgdbcom,yxhmgfhbyofmti
597,njnjouchpheyvu,njnjouchpheyvunokbsnxdtjgbgja@gmailcom,4367533670,wwwnjnjouchpheyvucom,yxhmgfhbyofmti
658,reiklptcwayke,reiklptcwaykevjovgaqkrhvupx@gmailcom,5207672527,wwwreiklptcwaykecom,yxhmgfhbyofmti
801,wcuqirvbhoj,wcuqirvbhojorrieveqopmp@gmailcom,7873740746,wwwwcuqirvbhojcom,yxhmgfhbyofmti
