TEAMID,EVENTDATE,STARTTIME,LOCATION
8,3/2008,10:32,opqudtmalk
29,24/11/2009,15:53,ciirucscwoqqvamg
34,15/1/2007,17:24,itxelfaxosvd
123,15/11/2002,5:50,lbweqgewqevfbvrkkpv
225,1/3/2021,15:41,gacqjrgnnvjtdqmmufo
234,7/3/2007,4:34,ppgtxmemfupfk
311,4/3/2012,11:25,llijdldpxkpln
361,27/3/2016,12:33,qoerhivbajh
520,15/3/2020,16:32,brottbspipiaq
616,21/12/2005,2:24,einnwkrtkbaonhoxgds
652,16/1/2007,8:43,ciirucscwoqqvamg
832,7/8/2017,6:46,ppgcdcwtvbils
902,17/3/2021,13:25,vjlvwpnaxtalat
950,28/12/2001,6:51,tfpojwchawwhrnfh
961,25/3/2021,10:19,jdemsjffxx
991,6/5/2007,9:56,yygxgpfcfsix
288,1/5/2019,13:51,vcxhyirbrkf
442,26/7/2009,5:46,nhqleqmcogrlferu
452,28/5/2014,10:50,skcyccshmiu
471,8/6/2010,16:52,vjlvwpnaxtalat
548,8/5/2003,2:36,exxtpjvostah
570,19/10/2019,17:43,kqypudtkewwbqv
642,8/2/2007,11:38,einnwkrtkbaonhoxgds
675,27/6/2016,5:15,tyyuaakragpt
772,21/11/2008,11:48,lymipjalhutpkttphr
779,25/3/2004,5:31,shjgfeamflocuuw
908,14/4/2009,7:23,ppgtxmemfupfk
919,8/3/2001,7:34,efpgkegopafxrv
10,10/12/2010,17:46,oofllfqseyklurpn
115,25/11/2014,6:22,iqknrpkxwl
256,6/2/2016,15:38,xkqcdtwrchhesb
266,20/4/2011,13:42,lymipjalhutpkttphr
354,22/5/2007,10:15,evcxaxwsiwwkunxrbtk
438,17/7/2020,2:15,kvlqtxgkygq
550,4/6/2016,5:52,jeyawuwarxjmseovcjd
565,4/10/2013,0:55,ardiniuyhqu
24,8/11/2016,3:39,bpfbymelskxcscdrtsd
55,18/7/2009,2:27,opqudtmalk
158,11/12/2020,17:27,coopupxmqqmnhynux
261,23/3/2002,2:46,wydpoamqkebyrvgian
306,10/4/2003,17:41,mjbnwsuijituowsphgo
322,11/12/2001,6:28,hghqttykxriqjjeegf
552,5/2/2011,1:50,xkqcdtwrchhesb
614,14/6/2009,16:33,lpgvxrljbian
787,19/9/2020,17:40,nhbmsntflufajbntk
888,10/8/2016,4:14,oicjdydehmwgkiqhuwc
960,11/4/2002,9:11,dcwtkhlxfm
963,4/12/2012,15:31,haipiuxuvhrkabxufup
964,27/8/2013,3:22,tsuyxxryxxa
95,1/9/2001,4:21,rpqfktikdpp
371,28/6/2009,0:29,pnhhgakiovxnwh
751,28/10/2014,0:34,nlipkvsrwtgy
896,20/1/2011,8:16,numienvjgnpcwqdqf
119,2/1/2021,11:17,ymsiuesyxltw
295,10/6/2003,16:43,iqknrpkxwl
620,4/9/2015,4:46,qrxxaogfev
668,20/12/2007,11:31,brottbspipiaq
814,11/12/2005,7:24,phmwedraulhiqgookl
864,1/2/2010,10:12,adqtqyegyc
45,4/11/2012,14:53,egryeailhjekb
162,26/7/2009,3:45,sntwapypdqpax
337,27/12/2002,8:29,ardiniuyhqu
490,14/3/2003,10:25,earxepevdylnsrtyv
504,15/3/2001,12:26,drraihmkyhkoxs
508,18/10/2012,7:57,eexftdanudyndepy
563,16/11/2006,13:54,rbybvhhkmyyf
612,25/8/2011,12:36,lpngmdbkunsrjrm
665,17/10/2014,14:29,giqlvlalubcpinquy
669,16/10/2020,17:29,qixhexkokjydpf
761,9/10/2002,17:44,ciirucscwoqqvamg
805,19/6/2014,4:52,bildgvkxcpdkcemjl
906,18/12/2019,16:18,qrxxaogfev
70,14/1/2006,9:18,oiygiqbyqg
232,9/5/2019,10:28,einnwkrtkbaonhoxgds
252,15/12/2014,0:34,ctuueoravybbvwuig
259,10/3/2006,10:22,qgxdvdjnwjsx
329,7/8/2010,1:40,ilmbtkmtwfblcp
539,22/9/2004,8:23,einnwkrtkbaonhoxgds
556,13/3/2013,13:12,kmelfekqnpfnihqqf
613,3/2/2013,5:51,miqyxmppoelso
680,3/7/2016,3:28,opqudtmalk
784,18/9/2002,4:17,gacqjrgnnvjtdqmmufo
851,10/5/2004,14:31,ysbahydcorrhdqvawa
1,10/8/2003,0:52,psnwudqtwndttivtqm
16,19/2/2000,1:32,tqjmbbitkwviarphxs
21,2/9/2005,6:17,shjgfeamflocuuw
72,2/3/2001,6:25,nlipkvsrwtgy
141,28/4/2014,9:48,rqqqerprmdjrmhmb
344,7/2/2013,1:13,ftyecmtmlok
370,26/7/2015,14:22,oiygiqbyqg
423,16/4/2003,13:50,lynuadyobfpwpgsyvu
466,10/9/2003,1:21,miqyxmppoelso
637,21/8/2021,11:37,kqcbkdhrxyalj
744,4/5/2003,7:18,jeyawuwarxjmseovcjd
803,25/2/2020,7:15,hkijgqtfbkwf
945,20/1/2009,15:26,vovhbatiaevqw
87,19/8/2007,11:33,inadkemklosecjh
173,25/1/2016,1:32,cpdjxvsjpiqeqy
269,28/4/2015,6:15,upiootoaxwpawqcldi
327,12/11/2001,7:14,pfdnhwmdqyxkwtcf
359,5/1/2010,7:16,cmloscrdpseffchbtoe
464,5/2/2004,3:16,osjfcaejajo
566,15/3/2011,4:12,nhbmsntflufajbntk
636,11/12/2008,4:39,mositkuuricngbm
743,20/12/2021,17:39,udhshdkfwddloetlutl
844,14/6/2019,5:12,adqtqyegyc
917,10/9/2011,13:37,xvdtssgfnjoxxysrn
276,11/5/2002,1:44,fsmqhpnaefxfrikngp
413,27/5/2006,0:16,gupskwnugooht
437,23/3/2012,4:20,vcotwcxlcsnwladq
440,9/10/2011,1:30,lxgswtcapndkuyokux
495,4/6/2019,16:13,ardiniuyhqu
525,27/4/2020,4:12,adqtqyegyc
667,24/5/2000,10:27,yjjttcaewtx
755,26/7/2004,15:54,ocodxbskpedqnmbwbee
869,1/9/2020,12:13,hpdfgxmljofpre
875,10/6/2015,9:53,jituutfwds
102,24/8/2006,6:57,ciirucscwoqqvamg
376,24/5/2011,0:16,haipiuxuvhrkabxufup
378,10/4/2012,11:41,mfvjsuyijqeskarjsy
545,24/1/2001,15:13,vovhbatiaevqw
647,3/5/2018,16:31,iecyeqssjhu
653,13/7/2014,14:44,lxgswtcapndkuyokux
834,12/9/2004,5:43,hkijgqtfbkwf
860,27/8/2008,0:20,kvlqtxgkygq
874,4/3/2016,7:38,ciirucscwoqqvamg
118,23/12/2008,9:20,mfvjsuyijqeskarjsy
159,23/11/2014,10:16,cndbsjcyrc
203,27/9/2010,11:14,nqnowvxgywqcttk
230,23/3/2006,12:36,omubokkoanc
238,5/2/2013,5:17,wuscbidbwaptn
320,2/8/2004,15:31,lpgvxrljbian
542,20/7/2002,16:57,myimtruhbpj
122,3/10/2020,4:26,ltsusffntngisalrtf
263,6/7/2011,0:42,vcotwcxlcsnwladq
270,21/2/2009,8:26,pfdnhwmdqyxkwtcf
286,13/3/2010,9:20,omubokkoanc
375,10/10/2009,8:31,mfvjsuyijqeskarjsy
507,12/8/2007,2:44,rqqqerprmdjrmhmb
953,17/10/2007,17:20,gulohnypiabspqxtj
65,10/11/2020,10:45,jajcucwpdoklcatpub
190,18/10/2004,4:39,lhshdtpmdudewfftmk
299,4/9/2015,8:58,dgbglxewreoyvrdks
355,1/2/2003,13:14,nqnowvxgywqcttk
369,19/5/2001,3:40,bfkmqnbgvupp
456,3/6/2006,14:37,myimtruhbpj
567,20/8/2002,3:27,kgnattptlllmfvgwo
623,16/2/2006,17:15,ssndmqnniwqsblkhh
686,17/7/2021,16:55,bgahcormqg
731,17/5/2020,14:18,kvlqtxgkygq
733,23/5/2003,0:23,ibfmylusxqp
879,10/9/2001,0:29,bildgvkxcpdkcemjl
201,1/8/2001,5:50,migdlbjamdr
250,5/2/2011,14:44,itxelfaxosvd
287,2/7/2017,7:30,tfpojwchawwhrnfh
310,26/4/2020,7:18,vcxhyirbrkf
328,9/12/2018,12:17,nlbdcmbwcyufms
459,7/1/2015,17:18,kqcbkdhrxyalj
898,24/11/2013,7:40,iecyeqssjhu
913,24/2/2005,1:49,ayjwlwxvotl
940,10/3/2001,11:48,rlxvvgdstcnf
948,6/10/2004,10:56,xkispxxvongbvxw
973,25/5/2000,3:51,hbpcqxjnxdduvrt
48,11/3/2015,2:36,sntwapypdqpax
321,21/9/2007,17:48,rqqqerprmdjrmhmb
352,22/7/2005,17:20,drraihmkyhkoxs
419,23/12/2002,3:28,lynuadyobfpwpgsyvu
491,5/5/2021,7:20,lpgvxrljbian
494,2/1/2017,8:20,nqnowvxgywqcttk
521,6/12/2008,12:28,xkispxxvongbvxw
574,13/10/2010,11:43,inadkemklosecjh
645,17/3/2020,17:18,buefwdocppnvju
712,14/2/2010,16:37,dhngxqmwbrlrhxr
713,21/12/2020,8:33,jajcucwpdoklcatpub
740,26/12/2003,12:16,xbtkgsqflbeyryiods
26,25/1/2018,1:45,lxgswtcapndkuyokux
50,19/9/2000,10:17,yjbwkhtlkkytlgkw
114,10/12/2002,8:58,jdemsjffxx
171,28/10/2020,12:30,oiygiqbyqg
530,8/9/2012,16:50,uujdkyxrwxgargixnyq
564,3/12/2019,10:18,ppgcdcwtvbils
621,26/9/2020,3:52,fauxxibyksdxencvebb
673,6/7/2019,11:48,pfjhryegihhvqtmkp
735,21/1/2000,10:17,wuscbidbwaptn
768,9/4/2015,3:26,migdlbjamdr
984,4/11/2017,1:54,psjctvpyteujkwjov
538,11/2/2014,2:56,omubokkoanc
578,22/4/2007,1:35,fbhslikdcmqwdr
632,5/4/2002,15:32,lhshdtpmdudewfftmk
670,11/8/2006,17:36,csqepbmyeaxtdufjy
882,3/4/2021,10:36,iqknrpkxwl
904,18/11/2003,15:23,mositkuuricngbm
88,18/2/2017,7:50,dcwtkhlxfm
264,14/10/2017,10:50,rnykvexjxlo
279,3/6/2001,1:54,pfdnhwmdqyxkwtcf
430,20/2/2015,10:18,tsuyxxryxxa
584,3/2/2005,11:27,sntwapypdqpax
599,22/9/2001,13:39,bpfbymelskxcscdrtsd
848,8/9/2019,15:24,tfpojwchawwhrnfh
854,18/8/2004,0:21,xhaeyffxnpus
922,10/4/2021,14:51,asytvdkvfwm
924,19/11/2005,7:16,juvhbaqnoqlav
937,14/3/2014,6:46,jkjlkoihlawbscqapne
103,11/6/2011,5:31,ujervselhrtmmxcg
146,5/12/2015,3:58,tfpojwchawwhrnfh
294,9/5/2000,15:50,hkijgqtfbkwf
297,7/3/2012,3:51,wydpoamqkebyrvgian
307,7/10/2014,6:54,sntwapypdqpax
410,10/6/2016,4:17,rbybvhhkmyyf
555,1/3/2006,2:50,iecyeqssjhu
688,7/8/2018,4:47,vcotwcxlcsnwladq
689,25/4/2019,10:36,psjctvpyteujkwjov
715,17/1/2020,15:17,tsuyxxryxxa
758,20/8/2001,5:17,hghqttykxriqjjeegf
763,9/11/2013,10:52,fqmbrjvlolefrmjcc
791,4/1/2016,13:39,gmefmwmhxd
796,17/5/2009,4:57,addklfblljtcsemxykr
815,15/3/2008,7:43,jeyawuwarxjmseovcjd
833,27/12/2020,5:56,bildgvkxcpdkcemjl
39,13/9/2000,6:19,rlbnwmppgpcllxjpj
51,21/3/2011,4:16,bgahcormqg
449,18/1/2007,13:39,laegskgleghiajp
661,11/9/2007,1:15,gupskwnugooht
671,1/3/2013,0:52,oqobvdpcxfyf
830,25/1/2018,13:56,vcotwcxlcsnwladq
899,2/2/2000,14:41,vjlvwpnaxtalat
969,15/10/2009,7:29,inadkemklosecjh
53,2/9/2006,3:11,ssndmqnniwqsblkhh
108,19/2/2019,7:43,hnpqmbrtrwjiyshen
280,5/4/2004,7:52,nqnowvxgywqcttk
557,1/10/2013,14:57,boanuhttheusjnnhx
635,17/10/2003,12:54,gupskwnugooht
640,14/10/2000,7:30,iecyeqssjhu
956,17/4/2009,12:48,hvbrpldpivertnkdwwf
110,27/11/2021,9:25,jdemsjffxx
149,4/10/2004,0:38,ymsiuesyxltw
211,27/10/2020,4:38,yjbwkhtlkkytlgkw
227,9/2/2011,3:26,eexftdanudyndepy
298,5/6/2018,15:49,srutwficcnuqyafb
446,7/3/2010,11:31,oiygiqbyqg
725,24/2/2011,10:26,gbrmlqttdoqinrhsv
771,11/6/2018,1:21,wjnxnmpqyjkujuks
858,23/2/2005,5:43,bdqmlrrwgowjlxi
994,9/7/2008,16:33,psjctvpyteujkwjov
184,26/4/2013,11:53,asytvdkvfwm
207,26/6/2013,10:34,cndbsjcyrc
414,22/2/2010,9:33,qrxxaogfev
527,13/1/2009,16:57,xqgjurftho
543,9/3/2000,1:28,xvdtssgfnjoxxysrn
603,4/11/2014,14:16,coopupxmqqmnhynux
657,16/6/2001,13:27,ayjwlwxvotl
741,23/3/2010,17:12,fbhslikdcmqwdr
824,12/1/2006,12:51,mhsidrjkrc
25,9/9/2004,0:56,hirutkgasjdcntfjuw
186,5/11/2006,7:14,lynuadyobfpwpgsyvu
231,9/1/2009,6:40,jgihjeoqpuiojfxxm
333,28/2/2004,11:21,rnykvexjxlo
540,22/10/2017,9:10,haipiuxuvhrkabxufup
609,21/1/2020,7:50,oicjdydehmwgkiqhuwc
627,18/6/2007,2:10,osjfcaejajo
260,6/8/2002,7:20,dgbglxewreoyvrdks
267,10/1/2009,10:57,oiygiqbyqg
308,23/2/2006,15:54,bubmwsshgdlhdacktit
427,24/6/2007,13:41,wblucwxctkmc
486,6/1/2020,11:22,ymsiuesyxltw
606,11/9/2008,9:23,hnpqmbrtrwjiyshen
648,24/1/2020,16:57,mfvjsuyijqeskarjsy
706,1/1/2003,13:13,vovhbatiaevqw
730,21/8/2019,4:53,oicjdydehmwgkiqhuwc
765,16/5/2017,4:56,stwomcphqfqs
789,18/12/2010,9:58,nhbmsntflufajbntk
912,8/12/2020,16:37,mositkuuricngbm
49,22/10/2019,14:20,gacqjrgnnvjtdqmmufo
130,18/8/2020,5:29,tethobqeiu
191,8/6/2002,8:23,edhfvwggscpgbcjsb
289,4/11/2010,5:43,csqepbmyeaxtdufjy
481,23/9/2007,2:32,hpdfgxmljofpre
587,4/11/2006,9:17,haipiuxuvhrkabxufup
617,18/9/2001,4:15,bildgvkxcpdkcemjl
701,7/11/2015,4:37,evcxaxwsiwwkunxrbtk
911,23/6/2016,8:53,drraihmkyhkoxs
156,18/2/2015,9:55,bgahcormqg
192,4/10/2021,7:13,ppgcdcwtvbils
514,21/9/2015,8:25,rlxvvgdstcnf
583,13/12/2003,15:57,wydpoamqkebyrvgian
601,10/7/2014,5:32,laegskgleghiajp
656,23/10/2006,8:21,loojkgbujtsewniskky
867,18/6/2007,8:15,lpgvxrljbian
944,19/12/2020,3:35,rnykvexjxlo
121,9/10/2021,15:14,bildgvkxcpdkcemjl
293,17/10/2019,4:37,srutwficcnuqyafb
389,22/4/2007,0:42,tethobqeiu
454,24/9/2021,12:26,vcxhyirbrkf
634,2/4/2001,11:21,mxlxndsfexrsu
672,15/2/2015,11:53,djocdqugjiok
699,12/9/2006,11:36,iecyeqssjhu
723,21/1/2020,10:47,rpqfktikdpp
990,21/7/2004,3:29,egryeailhjekb
22,9/4/2020,13:30,hnpqmbrtrwjiyshen
316,10/12/2012,6:30,ciirucscwoqqvamg
411,6/6/2008,16:49,dhngxqmwbrlrhxr
435,27/1/2020,17:38,jeyawuwarxjmseovcjd
450,27/8/2017,8:30,einnwkrtkbaonhoxgds
547,18/7/2010,12:13,hjisqusdmt
644,23/1/2006,2:11,kqypudtkewwbqv
655,25/7/2012,8:30,reuobyookyjbrdi
876,20/4/2002,11:43,eckmytqgsk
18,17/12/2003,3:40,bpfbymelskxcscdrtsd
60,13/8/2008,14:27,exxtpjvostah
365,10/1/2012,10:56,wuscbidbwaptn
381,25/4/2011,8:10,tqjmbbitkwviarphxs
461,14/12/2013,10:31,jajcucwpdoklcatpub
509,12/4/2005,7:30,asytvdkvfwm
554,28/12/2021,13:42,qoerhivbajh
692,8/12/2011,2:36,egryeailhjekb
719,23/2/2014,8:17,yuqleukvkcuatotkhm
866,7/1/2021,15:47,gacqjrgnnvjtdqmmufo
878,16/11/2013,12:45,rbybvhhkmyyf
926,2/6/2018,12:15,bcjxbifkst
5,21/8/2011,12:23,dhngxqmwbrlrhxr
174,1/2/2002,0:51,nqnowvxgywqcttk
179,25/6/2005,7:11,hnpqmbrtrwjiyshen
444,14/11/2010,14:43,mositkuuricngbm
561,22/7/2013,0:35,cmloscrdpseffchbtoe
861,22/8/2020,10:30,jeyawuwarxjmseovcjd
971,12/3/2017,15:41,ufwoonpptqbckjj
94,26/2/2019,6:49,xqgjurftho
126,20/2/2004,0:18,cvqdqksnarwfo
210,20/9/2005,7:22,mxlxndsfexrsu
255,6/1/2015,14:30,wydpoamqkebyrvgian
331,26/4/2017,3:33,eckmytqgsk
531,15/12/2015,16:27,adqtqyegyc
727,1/2/2004,10:10,fauxxibyksdxencvebb
846,26/7/2017,2:20,qgxdvdjnwjsx
892,9/7/2014,0:43,kfgjidsbernclr
958,1/10/2017,10:32,kqcbkdhrxyalj
43,8/9/2013,5:34,ssndmqnniwqsblkhh
401,17/5/2021,0:41,pnhhgakiovxnwh
465,7/11/2021,12:53,nlipkvsrwtgy
477,6/11/2001,1:39,bildgvkxcpdkcemjl
544,15/4/2019,17:21,cvqdqksnarwfo
678,4/1/2005,17:18,jcaxxlcmvmsutj
702,28/10/2017,2:51,fqmbrjvlolefrmjcc
738,5/1/2013,17:46,oahunrjjqwm
792,13/10/2001,5:44,rpqfktikdpp
194,4/7/2007,8:31,inadkemklosecjh
399,25/2/2005,6:17,hbpcqxjnxdduvrt
736,4/9/2006,15:53,tethobqeiu
742,27/8/2014,13:44,fjcjqoccpmhnvop
849,23/12/2000,12:32,dulikjwyncx
927,28/2/2009,2:36,ymsiuesyxltw
17,15/6/2009,15:29,shjgfeamflocuuw
27,12/2/2011,5:57,jgihjeoqpuiojfxxm
74,27/9/2016,10:53,rlxvvgdstcnf
116,18/9/2020,16:52,adqtqyegyc
180,1/11/2018,11:44,ufwoonpptqbckjj
188,21/4/2002,14:33,ckjqqgsnctgpb
216,19/1/2000,17:30,yygxgpfcfsix
273,4/6/2004,3:13,xqgjurftho
319,15/7/2005,0:44,rlxvvgdstcnf
348,22/6/2007,14:27,qgxdvdjnwjsx
377,25/1/2004,1:27,mhsidrjkrc
633,27/9/2006,7:41,lbweqgewqevfbvrkkpv
659,17/7/2009,4:54,kagtyhdxiekgnlqayr
704,5/9/2019,10:13,xtxmcrvphtfafcdg
710,18/1/2004,4:31,qixhexkokjydpf
897,14/5/2000,12:32,jdemsjffxx
931,27/12/2005,14:58,mxlxndsfexrsu
972,10/1/2010,11:23,vciflnkybmngpbae
19,27/8/2013,15:16,numienvjgnpcwqdqf
105,2/4/2013,14:13,oofllfqseyklurpn
185,26/6/2012,17:47,earxepevdylnsrtyv
474,11/4/2020,12:52,nhqleqmcogrlferu
594,5/7/2020,4:56,mositkuuricngbm
602,24/8/2018,6:13,itxelfaxosvd
909,20/8/2017,10:30,ocodxbskpedqnmbwbee
946,16/7/2007,2:54,qgxdvdjnwjsx
67,17/3/2006,11:53,srutwficcnuqyafb
133,28/3/2006,8:28,rnykvexjxlo
160,4/3/2004,14:35,oqobvdpcxfyf
317,15/11/2006,9:17,qoerhivbajh
318,28/7/2003,0:25,kqypudtkewwbqv
349,9/11/2008,12:29,nqnowvxgywqcttk
629,22/3/2012,10:30,hirutkgasjdcntfjuw
639,8/3/2018,5:55,oofllfqseyklurpn
795,24/2/2005,12:39,jgihjeoqpuiojfxxm
877,13/3/2013,10:50,fbhslikdcmqwdr
957,5/4/2009,1:28,rbybvhhkmyyf
965,8/1/2009,9:37,teqlnsophbnq
986,23/9/2008,6:43,boanuhttheusjnnhx
233,21/6/2011,16:38,qgxdvdjnwjsx
272,28/3/2006,5:29,lpngmdbkunsrjrm
395,12/4/2000,17:10,drraihmkyhkoxs
641,9/1/2001,8:39,qixhexkokjydpf
697,14/9/2021,7:18,ardiniuyhqu
920,8/2/2020,2:20,addklfblljtcsemxykr
117,18/1/2000,7:36,caenqqvsly
167,22/10/2005,5:11,xvdtssgfnjoxxysrn
245,2/10/2019,4:34,djocdqugjiok
362,5/8/2014,7:47,ilmbtkmtwfblcp
397,11/7/2016,2:33,xhaeyffxnpus
443,25/7/2018,9:34,bubmwsshgdlhdacktit
467,17/5/2021,10:35,wblucwxctkmc
664,11/4/2019,2:22,eexftdanudyndepy
797,2/7/2003,5:33,qixhexkokjydpf
46,3/3/2003,8:38,cndbsjcyrc
73,8/7/2003,6:45,ltsusffntngisalrtf
128,18/10/2002,8:31,hvbrpldpivertnkdwwf
138,20/7/2003,13:19,gbrmlqttdoqinrhsv
143,27/10/2006,8:10,kbfpolhiglqelmdbfu
148,21/1/2003,2:28,asytvdkvfwm
650,10/3/2020,3:49,ayjwlwxvotl
107,24/5/2015,17:22,mxlxndsfexrsu
139,24/3/2013,6:33,inadkemklosecjh
386,7/9/2011,2:51,rpcvmakdbwm
405,7/10/2012,5:49,hghqttykxriqjjeegf
572,28/3/2021,2:57,loojkgbujtsewniskky
694,4/4/2008,12:27,gupskwnugooht
720,11/11/2019,13:43,mjbnwsuijituowsphgo
726,22/5/2006,12:38,csqepbmyeaxtdufjy
753,19/10/2004,7:53,oofllfqseyklurpn
799,27/1/2021,14:31,ufwoonpptqbckjj
890,25/11/2004,14:10,oiygiqbyqg
993,21/1/2013,14:50,hkijgqtfbkwf
56,21/8/2009,2:26,hbpcqxjnxdduvrt
89,7/2/2021,10:18,laegskgleghiajp
283,22/4/2010,11:39,qoerhivbajh
336,11/3/2007,3:31,ysbahydcorrhdqvawa
793,9/9/2003,6:43,myimtruhbpj
989,16/7/2011,1:19,ardiniuyhqu
244,20/2/2018,16:30,hujixraknloaqmen
363,10/10/2019,13:19,yitobutwhc
479,13/6/2010,4:42,hvbrpldpivertnkdwwf
631,27/8/2006,5:44,psnwudqtwndttivtqm
907,18/1/2020,17:54,tyyuaakragpt
80,11/1/2008,12:44,buefwdocppnvju
90,2/12/2002,12:41,srutwficcnuqyafb
120,14/8/2005,4:37,nhqleqmcogrlferu
226,4/2/2021,9:42,ocodxbskpedqnmbwbee
249,21/7/2017,4:14,lynuadyobfpwpgsyvu
300,2/3/2012,4:11,nhbmsntflufajbntk
469,7/7/2002,1:53,ppgtxmemfupfk
638,27/6/2000,13:22,hkijgqtfbkwf
691,27/11/2011,14:50,lymipjalhutpkttphr
749,1/8/2006,9:23,wdycjchadjiqukugmx
767,18/12/2004,16:26,hirutkgasjdcntfjuw
769,8/7/2012,11:40,ftyecmtmlok
968,8/11/2003,12:27,nlipkvsrwtgy
181,3/3/2006,13:55,llijdldpxkpln
254,12/9/2005,11:19,jeyawuwarxjmseovcjd
274,3/12/2012,11:10,addklfblljtcsemxykr
503,2/9/2017,4:26,mxlxndsfexrsu
517,16/11/2017,0:47,bdqmlrrwgowjlxi
625,16/11/2006,9:18,iqknrpkxwl
757,12/1/2011,16:38,hujixraknloaqmen
852,9/8/2005,6:12,wydpoamqkebyrvgian
952,19/4/2018,6:25,fsmqhpnaefxfrikngp
13,2/2/2020,11:28,einnwkrtkbaonhoxgds
189,22/8/2018,12:11,ruvfyrfifgcd
197,26/11/2003,0:33,nlbdcmbwcyufms
237,27/4/2011,2:30,jjwvvyxlmh
339,21/9/2006,10:54,kwmhdcfwgms
358,28/8/2006,10:49,wuscbidbwaptn
732,16/3/2005,4:11,bgahcormqg
825,25/4/2006,11:36,yuqleukvkcuatotkhm
916,10/7/2003,4:24,jeyawuwarxjmseovcjd
78,3/8/2018,3:44,mlfdjeyxwkesknj
246,21/1/2007,11:43,gmefmwmhxd
248,10/3/2004,12:24,vciflnkybmngpbae
433,19/12/2007,14:55,gulohnypiabspqxtj
537,13/2/2021,12:56,oiygiqbyqg
622,7/7/2021,9:52,tyyuaakragpt
654,25/3/2004,0:45,ppgtxmemfupfk
729,9/4/2006,6:17,bgahcormqg
817,27/3/2006,2:13,kvlqtxgkygq
910,13/1/2017,9:14,ysbahydcorrhdqvawa
54,10/12/2003,2:13,lhshdtpmdudewfftmk
271,9/10/2007,5:26,haipiuxuvhrkabxufup
422,8/5/2015,7:56,teqlnsophbnq
501,6/9/2018,8:13,ctuueoravybbvwuig
515,1/12/2011,10:28,coopupxmqqmnhynux
582,17/9/2009,11:56,nhbmsntflufajbntk
752,20/3/2002,15:25,vcxhyirbrkf
942,20/8/2004,5:58,fsmqhpnaefxfrikngp
4,22/6/2006,5:19,jighatoxywkyjpi
165,24/2/2003,9:37,yavquoitho
169,12/11/2018,14:45,ardiniuyhqu
172,12/3/2008,9:21,ocodxbskpedqnmbwbee
183,8/7/2006,4:23,miqyxmppoelso
372,21/9/2005,8:32,bnkqpqfcjhgewasxjow
488,5/11/2000,10:57,ayjwlwxvotl
579,2/3/2015,0:55,omubokkoanc
591,10/4/2012,12:11,rbybvhhkmyyf
651,25/5/2004,0:11,asytvdkvfwm
777,28/9/2018,6:36,xtxmcrvphtfafcdg
932,17/5/2020,10:20,vovhbatiaevqw
140,12/2/2008,12:45,boanuhttheusjnnhx
163,15/6/2015,13:41,cndbsjcyrc
343,5/4/2010,13:44,wblucwxctkmc
429,2/6/2020,1:57,ysbahydcorrhdqvawa
476,18/6/2005,11:15,bubmwsshgdlhdacktit
569,22/2/2012,7:22,vcotwcxlcsnwladq
915,10/9/2012,4:53,ckjqqgsnctgpb
30,15/1/2005,1:22,hujixraknloaqmen
37,18/10/2006,7:48,myimtruhbpj
153,14/11/2012,17:48,oicjdydehmwgkiqhuwc
439,28/7/2010,11:22,evcxaxwsiwwkunxrbtk
626,25/3/2016,15:13,gupskwnugooht
794,14/2/2010,17:36,sntwapypdqpax
857,7/9/2017,4:27,uujdkyxrwxgargixnyq
955,18/6/2021,17:15,stwomcphqfqs
83,1/4/2016,12:42,ppgcdcwtvbils
97,25/9/2014,11:31,hirutkgasjdcntfjuw
145,10/6/2021,11:28,nqnowvxgywqcttk
391,11/1/2001,3:16,yjbwkhtlkkytlgkw
468,28/3/2016,15:36,nlbdcmbwcyufms
475,2/1/2012,3:46,mxlxndsfexrsu
483,22/10/2007,1:36,omubokkoanc
764,3/2/2017,0:32,nhbmsntflufajbntk
807,25/5/2007,10:38,vcotwcxlcsnwladq
886,28/11/2020,17:24,dcwtkhlxfm
368,15/8/2020,1:36,exxtpjvostah
682,14/4/2015,6:49,xkispxxvongbvxw
745,16/2/2015,8:28,omubokkoanc
750,24/5/2004,14:38,yuqleukvkcuatotkhm
800,2/4/2012,6:51,caenqqvsly
57,12/8/2006,0:33,ltsusffntngisalrtf
127,12/7/2002,2:21,ocodxbskpedqnmbwbee
199,18/2/2008,3:52,qixhexkokjydpf
219,6/9/2005,11:54,psjctvpyteujkwjov
262,19/9/2010,9:42,ueaxfxtayoaqvalrb
314,7/8/2010,0:55,psjctvpyteujkwjov
373,3/11/2003,0:28,hvbrpldpivertnkdwwf
482,21/12/2003,5:45,yuqleukvkcuatotkhm
951,15/7/2021,14:41,lynuadyobfpwpgsyvu
92,23/3/2019,3:50,mlfdjeyxwkesknj
157,8/2/2002,16:25,laegskgleghiajp
480,11/8/2017,13:54,dgbglxewreoyvrdks
487,15/8/2013,8:18,jeyawuwarxjmseovcjd
532,23/12/2005,4:46,tsuyxxryxxa
859,18/7/2008,9:10,tsuyxxryxxa
98,20/2/2004,4:41,wydpoamqkebyrvgian
251,4/10/2004,1:37,kvlqtxgkygq
379,12/6/2006,7:16,qrxxaogfev
398,21/12/2003,7:30,ayjwlwxvotl
478,10/4/2005,10:54,jighatoxywkyjpi
524,23/11/2000,16:41,pfjhryegihhvqtmkp
549,12/4/2005,14:51,oofllfqseyklurpn
770,7/5/2014,0:15,psnwudqtwndttivtqm
806,22/12/2013,13:57,ueaxfxtayoaqvalrb
841,13/3/2008,3:37,lbweqgewqevfbvrkkpv
868,8/7/2016,12:47,oqobvdpcxfyf
91,13/6/2021,13:29,wuscbidbwaptn
241,21/6/2018,14:12,skcyccshmiu
312,10/11/2021,11:57,ymsiuesyxltw
416,26/11/2010,3:32,wblucwxctkmc
462,4/10/2000,9:22,bfkmqnbgvupp
593,1/9/2007,6:29,qgxdvdjnwjsx
895,13/8/2010,16:39,jllfkaouqcxfesocpu
93,16/2/2009,14:38,drraihmkyhkoxs
202,13/7/2000,17:43,jllfkaouqcxfesocpu
304,25/10/2013,7:15,wdycjchadjiqukugmx
412,10/10/2002,11:16,hujixraknloaqmen
615,10/12/2015,4:42,fsmqhpnaefxfrikngp
137,15/4/2003,0:57,hvbrpldpivertnkdwwf
679,6/1/2013,16:29,ayjwlwxvotl
683,8/5/2019,7:47,drraihmkyhkoxs
828,5/6/2013,10:19,omubokkoanc
883,25/9/2016,17:42,ysbahydcorrhdqvawa
59,19/3/2009,17:18,mositkuuricngbm
69,5/3/2004,7:41,bfkmqnbgvupp
285,23/12/2018,11:33,eexftdanudyndepy
383,25/5/2007,11:15,vovhbatiaevqw
394,8/8/2016,0:46,yitobutwhc
403,23/8/2002,3:39,mhsidrjkrc
489,27/9/2007,2:43,juvhbaqnoqlav
604,10/8/2002,1:51,qgxdvdjnwjsx
607,23/6/2003,9:53,vcxhyirbrkf
610,16/1/2005,3:27,dulikjwyncx
773,14/10/2016,9:53,efpgkegopafxrv
776,20/6/2014,14:34,ayjwlwxvotl
836,27/10/2012,9:27,wblucwxctkmc
873,15/4/2020,4:40,djocdqugjiok
979,17/9/2002,16:55,loojkgbujtsewniskky
112,28/8/2013,17:47,brottbspipiaq
242,11/1/2013,15:11,mfykvjupsnyijav
400,8/9/2014,9:32,evcxaxwsiwwkunxrbtk
421,15/7/2006,0:35,myimtruhbpj
502,15/5/2008,12:10,ppgcdcwtvbils
506,8/8/2015,0:54,kfgjidsbernclr
590,6/7/2019,1:55,migdlbjamdr
628,23/6/2004,11:56,riiucnslkrdsyyatbcn
998,14/8/2002,10:56,pnhhgakiovxnwh
61,3/6/2006,4:33,itxelfaxosvd
85,26/6/2014,7:10,fjcjqoccpmhnvop
125,28/4/2002,10:32,kagtyhdxiekgnlqayr
135,7/7/2015,17:15,edhfvwggscpgbcjsb
213,11/11/2002,12:14,rnahxaxaqmjxp
265,14/12/2000,9:36,xqgjurftho
396,7/12/2000,14:29,wblucwxctkmc
460,8/8/2017,7:48,egryeailhjekb
660,20/4/2017,16:32,oofllfqseyklurpn
717,23/2/2017,8:37,jgihjeoqpuiojfxxm
816,22/3/2007,16:13,caenqqvsly
901,15/2/2001,10:29,buefwdocppnvju
6,13/6/2011,8:43,wydpoamqkebyrvgian
81,17/8/2004,3:25,boanuhttheusjnnhx
164,13/7/2021,8:56,bgahcormqg
218,28/10/2007,7:48,qoerhivbajh
292,9/3/2000,17:54,lynuadyobfpwpgsyvu
301,7/5/2018,4:44,adqtqyegyc
351,10/2/2011,2:36,ymsiuesyxltw
425,16/11/2013,0:49,einnwkrtkbaonhoxgds
447,3/11/2021,13:46,lynuadyobfpwpgsyvu
560,22/1/2012,16:12,hvbrpldpivertnkdwwf
810,26/1/2015,0:47,cndbsjcyrc
843,26/1/2003,2:49,wjnxnmpqyjkujuks
856,19/10/2004,9:41,dcwtkhlxfm
977,5/4/2010,1:45,oahunrjjqwm
66,19/11/2001,4:40,mfykvjupsnyijav
187,28/12/2000,10:54,bpvwfkctdysownw
208,18/3/2000,6:22,fauxxibyksdxencvebb
224,11/5/2009,9:49,mositkuuricngbm
303,20/2/2016,13:19,gbrmlqttdoqinrhsv
500,28/6/2002,10:14,mxlxndsfexrsu
541,3/10/2000,14:12,hnpqmbrtrwjiyshen
643,22/1/2017,16:55,jdemsjffxx
734,11/11/2021,16:45,vcxhyirbrkf
737,15/3/2018,7:35,ayjwlwxvotl
762,16/3/2010,14:56,xkqcdtwrchhesb
865,23/7/2003,3:33,mjbnwsuijituowsphgo
885,10/10/2014,16:17,uujdkyxrwxgargixnyq
974,25/6/2005,13:37,jituutfwds
997,6/3/2005,17:10,nlipkvsrwtgy
142,6/3/2010,3:37,asytvdkvfwm
151,5/3/2015,0:22,oofllfqseyklurpn
305,11/3/2012,6:45,nqnowvxgywqcttk
428,28/3/2008,13:24,qgxdvdjnwjsx
484,16/7/2010,5:17,bnkqpqfcjhgewasxjow
619,5/3/2003,6:11,opqudtmalk
790,22/8/2002,2:51,miqyxmppoelso
870,13/3/2019,17:25,iecyeqssjhu
82,18/2/2007,16:14,addklfblljtcsemxykr
100,9/6/2006,9:52,cpdjxvsjpiqeqy
104,18/5/2000,7:40,loojkgbujtsewniskky
147,22/8/2016,5:58,hpdfgxmljofpre
166,27/4/2015,7:55,bgahcormqg
182,3/12/2000,14:46,bubmwsshgdlhdacktit
766,5/11/2015,9:52,qsrvcltgwtmjacsl
821,21/10/2012,2:30,nlbdcmbwcyufms
847,17/7/2002,1:47,ysbahydcorrhdqvawa
880,6/4/2008,13:34,bpvwfkctdysownw
938,20/10/2006,4:35,gupskwnugooht
939,3/12/2002,6:58,jkjlkoihlawbscqapne
113,1/10/2017,11:11,wjnxnmpqyjkujuks
150,17/11/2020,6:48,mjbnwsuijituowsphgo
212,1/1/2021,17:29,psnwudqtwndttivtqm
330,7/5/2017,11:23,ltsusffntngisalrtf
473,25/4/2015,14:57,egryeailhjekb
600,24/6/2002,17:15,qrxxaogfev
711,22/9/2017,13:43,lynuadyobfpwpgsyvu
718,28/7/2008,2:31,lhshdtpmdudewfftmk
775,8/2/2009,15:23,jgihjeoqpuiojfxxm
819,21/6/2020,6:17,ppgcdcwtvbils
826,8/6/2007,9:26,bnkqpqfcjhgewasxjow
894,15/7/2000,8:43,qrxxaogfev
941,12/12/2006,5:40,oiygiqbyqg
947,4/11/2002,9:20,tfpojwchawwhrnfh
236,14/5/2019,2:20,kbfpolhiglqelmdbfu
282,7/6/2005,1:21,phmwedraulhiqgookl
324,26/1/2021,4:31,loojkgbujtsewniskky
364,12/5/2016,0:40,sntwapypdqpax
586,15/7/2012,1:58,reuobyookyjbrdi
681,1/12/2020,2:32,mjbnwsuijituowsphgo
813,11/2/2017,1:13,ibfmylusxqp
820,26/11/2005,7:28,mfvjsuyijqeskarjsy
14,22/4/2003,3:33,suykgkecdupcflnpt
41,28/6/2006,7:58,pfdnhwmdqyxkwtcf
96,1/4/2020,14:10,lpgvxrljbian
155,18/10/2021,10:21,bdqmlrrwgowjlxi
200,27/5/2013,11:39,gbrmlqttdoqinrhsv
258,15/9/2008,17:49,jllfkaouqcxfesocpu
366,9/1/2008,2:41,phmwedraulhiqgookl
384,14/2/2000,11:21,itxelfaxosvd
402,16/3/2019,7:35,wjnxnmpqyjkujuks
431,28/8/2021,14:40,teqlnsophbnq
485,3/6/2019,15:55,adqtqyegyc
497,5/11/2021,12:10,tyyuaakragpt
662,17/4/2006,7:18,oiygiqbyqg
663,19/8/2000,14:18,miqyxmppoelso
855,19/12/2014,1:18,tethobqeiu
872,26/6/2021,0:15,migdlbjamdr
884,26/12/2021,4:27,juvhbaqnoqlav
967,23/3/2002,4:46,dxpwflrfvdgeracmevt
35,6/8/2001,5:32,einnwkrtkbaonhoxgds
38,8/11/2018,9:19,yjjttcaewtx
222,24/3/2006,4:57,coopupxmqqmnhynux
388,13/5/2013,1:53,coopupxmqqmnhynux
705,3/10/2011,1:57,nhqleqmcogrlferu
936,3/8/2002,17:17,suykgkecdupcflnpt
992,28/3/2005,7:29,oahunrjjqwm
178,11/5/2006,7:26,lynuadyobfpwpgsyvu
215,16/12/2002,5:24,wblucwxctkmc
257,4/2/2007,2:29,bubmwsshgdlhdacktit
302,28/12/2020,13:53,nlipkvsrwtgy
463,11/3/2019,10:55,gacqjrgnnvjtdqmmufo
553,6/2/2012,14:51,hkijgqtfbkwf
646,15/4/2019,17:49,eexftdanudyndepy
687,10/7/2018,10:25,lpngmdbkunsrjrm
933,3/3/2006,15:16,sntwapypdqpax
934,2/1/2014,4:23,iqknrpkxwl
2,4/9/2000,1:23,wkwtbyhfbxxurfegrrp
170,22/8/2017,17:24,lymipjalhutpkttphr
345,17/2/2017,10:48,mfvjsuyijqeskarjsy
420,22/4/2001,1:33,djocdqugjiok
432,8/5/2005,6:52,oiygiqbyqg
698,15/3/2001,13:43,yjbwkhtlkkytlgkw
783,23/5/2016,15:18,lymipjalhutpkttphr
863,14/6/2010,3:16,bfkmqnbgvupp
929,11/7/2010,4:57,rnahxaxaqmjxp
995,19/6/2020,9:32,numienvjgnpcwqdqf
11,1/7/2005,12:33,fbhslikdcmqwdr
23,22/6/2014,1:40,tfpojwchawwhrnfh
75,24/6/2007,5:32,cvqdqksnarwfo
144,2/9/2005,10:11,jcaxxlcmvmsutj
214,6/11/2015,17:54,buefwdocppnvju
220,3/7/2007,15:43,rpcvmakdbwm
367,25/10/2011,7:43,egryeailhjekb
418,12/9/2002,10:57,juvhbaqnoqlav
605,23/4/2020,7:44,miqyxmppoelso
700,5/4/2019,10:14,bpvwfkctdysownw
935,13/5/2003,0:38,numienvjgnpcwqdqf
999,17/10/2002,8:16,psnwudqtwndttivtqm
1000,22/7/2004,0:34,rnykvexjxlo
239,3/6/2010,2:19,xtxmcrvphtfafcdg
277,27/4/2002,13:30,bildgvkxcpdkcemjl
785,22/8/2001,7:16,vovhbatiaevqw
954,17/4/2020,13:31,sntwapypdqpax
975,14/10/2019,0:15,bildgvkxcpdkcemjl
987,1/7/2007,14:20,hkijgqtfbkwf
417,22/4/2015,12:57,haipiuxuvhrkabxufup
649,14/6/2010,5:13,wdycjchadjiqukugmx
716,1/4/2016,2:46,iecyeqssjhu
754,2/5/2020,10:45,wblucwxctkmc
925,17/11/2014,16:28,wuscbidbwaptn
982,20/8/2018,0:24,jeyawuwarxjmseovcjd
86,15/3/2011,2:39,ckjqqgsnctgpb
152,13/7/2002,0:17,juvhbaqnoqlav
193,2/8/2005,6:18,ysbahydcorrhdqvawa
334,11/5/2011,1:39,uujdkyxrwxgargixnyq
353,20/8/2003,6:53,hkijgqtfbkwf
511,22/9/2010,11:36,rnahxaxaqmjxp
568,19/7/2016,4:34,rpcvmakdbwm
571,23/5/2015,12:38,lynuadyobfpwpgsyvu
573,28/8/2008,17:53,cnahvrnmrbikqnjl
611,15/3/2012,12:54,xtmcewofhuvafd
676,6/2/2009,14:22,jllfkaouqcxfesocpu
978,12/4/2009,5:34,cvqdqksnarwfo
63,22/11/2008,6:42,cmloscrdpseffchbtoe
129,18/1/2004,14:58,nlbdcmbwcyufms
209,26/8/2014,13:41,gulohnypiabspqxtj
290,4/2/2021,8:17,hujixraknloaqmen
323,7/11/2021,12:49,adqtqyegyc
338,9/8/2021,17:15,gulohnypiabspqxtj
387,24/3/2009,12:33,asytvdkvfwm
393,22/2/2004,10:18,earxepevdylnsrtyv
409,26/3/2000,11:45,earxepevdylnsrtyv
496,21/12/2000,2:56,hghqttykxriqjjeegf
533,24/8/2016,2:24,riiucnslkrdsyyatbcn
580,2/6/2009,2:33,bpvwfkctdysownw
596,24/5/2019,7:11,fsmqhpnaefxfrikngp
608,17/6/2002,6:55,earxepevdylnsrtyv
690,26/1/2017,2:50,sntwapypdqpax
703,1/7/2007,6:21,lymipjalhutpkttphr
840,1/5/2007,9:52,jllfkaouqcxfesocpu
845,6/11/2020,14:39,xtmcewofhuvafd
970,1/2/2013,14:22,jkjlkoihlawbscqapne
988,27/7/2007,12:35,jcaxxlcmvmsutj
12,7/1/2015,16:28,wdycjchadjiqukugmx
77,2/4/2014,14:38,efpgkegopafxrv
101,26/3/2006,6:24,gmefmwmhxd
240,5/2/2002,0:49,vcxhyirbrkf
247,5/9/2004,16:33,jgihjeoqpuiojfxxm
291,5/7/2020,11:50,srutwficcnuqyafb
528,20/7/2018,13:38,ueaxfxtayoaqvalrb
585,16/12/2005,8:34,eexftdanudyndepy
759,26/2/2021,1:34,mfykvjupsnyijav
780,2/7/2012,6:29,rnahxaxaqmjxp
808,13/4/2008,12:28,rlxvvgdstcnf
827,4/3/2016,4:46,hbpcqxjnxdduvrt
835,20/9/2019,3:18,buefwdocppnvju
903,10/3/2019,4:48,asytvdkvfwm
962,25/8/2001,4:37,njbjcojkdn
28,8/3/2013,10:57,sntwapypdqpax
161,15/4/2015,2:54,jighatoxywkyjpi
168,7/6/2008,16:20,migdlbjamdr
195,4/1/2012,1:11,rpcvmakdbwm
235,8/1/2005,13:51,kagtyhdxiekgnlqayr
356,19/12/2014,9:55,fbhslikdcmqwdr
380,26/7/2005,14:15,ibfmylusxqp
408,4/9/2012,10:42,ujervselhrtmmxcg
415,8/11/2006,12:23,rpcvmakdbwm
445,11/9/2006,13:32,reuobyookyjbrdi
551,25/1/2004,1:19,eckmytqgsk
721,10/4/2014,10:54,hirutkgasjdcntfjuw
985,10/8/2010,3:55,ocodxbskpedqnmbwbee
58,19/2/2003,3:54,buefwdocppnvju
99,24/9/2013,3:43,ocodxbskpedqnmbwbee
124,25/3/2008,1:37,cndbsjcyrc
406,6/9/2016,15:51,wjnxnmpqyjkujuks
498,7/11/2003,8:37,evcxaxwsiwwkunxrbtk
562,18/5/2018,16:22,ssndmqnniwqsblkhh
666,27/2/2012,11:45,jdemsjffxx
693,17/8/2013,15:54,llijdldpxkpln
756,5/9/2014,7:55,rbybvhhkmyyf
804,26/2/2016,13:26,jgihjeoqpuiojfxxm
47,15/4/2015,4:14,jkjlkoihlawbscqapne
62,6/5/2001,1:13,iecyeqssjhu
325,1/8/2000,10:34,bfkmqnbgvupp
346,27/2/2010,17:30,adqtqyegyc
470,18/7/2016,8:38,ueaxfxtayoaqvalrb
534,19/1/2006,6:25,vcotwcxlcsnwladq
786,28/2/2010,8:47,nlipkvsrwtgy
811,6/4/2010,14:29,rpqfktikdpp
838,16/9/2006,14:41,ruvfyrfifgcd
853,28/8/2005,5:45,njbjcojkdn
976,8/7/2005,7:57,kwmhdcfwgms
980,28/4/2012,14:34,loojkgbujtsewniskky
448,8/10/2005,8:47,vcotwcxlcsnwladq
472,25/3/2001,10:53,miqyxmppoelso
493,27/9/2007,9:35,lpgvxrljbian
513,20/3/2011,12:16,haipiuxuvhrkabxufup
559,10/8/2018,6:48,xtxmcrvphtfafcdg
696,28/1/2005,5:30,xbtkgsqflbeyryiods
714,25/2/2014,9:41,mhsidrjkrc
981,27/10/2009,9:57,tethobqeiu
132,25/10/2018,0:55,myimtruhbpj
360,28/1/2002,9:55,pnhhgakiovxnwh
455,7/12/2006,11:52,ckjqqgsnctgpb
499,14/2/2005,9:14,rpqfktikdpp
576,19/5/2007,12:25,nqnowvxgywqcttk
684,3/6/2012,16:45,shjgfeamflocuuw
707,5/10/2012,13:54,hpdfgxmljofpre
798,11/9/2010,8:11,pnhhgakiovxnwh
850,9/10/2007,3:28,jjwvvyxlmh
871,27/11/2005,7:17,yitobutwhc
923,12/12/2011,6:17,oqobvdpcxfyf
204,14/9/2008,10:54,oiygiqbyqg
275,20/1/2010,6:43,psnwudqtwndttivtqm
392,6/4/2005,5:15,jgihjeoqpuiojfxxm
404,8/5/2016,14:14,evcxaxwsiwwkunxrbtk
519,7/6/2021,5:31,yjbwkhtlkkytlgkw
536,12/5/2017,7:19,oofllfqseyklurpn
592,11/2/2013,16:49,kmelfekqnpfnihqqf
677,20/7/2007,12:29,jituutfwds
708,28/11/2020,3:37,osjfcaejajo
728,9/12/2015,1:38,kqypudtkewwbqv
781,25/6/2015,16:30,mjbnwsuijituowsphgo
206,27/4/2000,17:53,ueaxfxtayoaqvalrb
268,3/2/2007,15:49,wkwtbyhfbxxurfegrrp
357,19/8/2005,0:46,ymsiuesyxltw
529,4/4/2013,10:34,hujixraknloaqmen
535,19/12/2000,10:49,inadkemklosecjh
746,16/1/2009,10:48,wkwtbyhfbxxurfegrrp
774,8/11/2005,12:51,teqlnsophbnq
33,6/10/2008,3:36,migdlbjamdr
284,17/10/2016,13:41,ymsiuesyxltw
436,6/7/2009,15:27,hjisqusdmt
577,15/12/2010,0:11,tfpojwchawwhrnfh
862,8/3/2005,8:58,ocodxbskpedqnmbwbee
889,9/2/2006,10:53,mfvjsuyijqeskarjsy
996,28/7/2020,9:18,bildgvkxcpdkcemjl
40,14/12/2017,16:32,evcxaxwsiwwkunxrbtk
52,27/3/2010,15:36,rnykvexjxlo
342,21/6/2015,8:39,yygxgpfcfsix
382,13/7/2012,13:50,rpcvmakdbwm
518,6/8/2018,9:22,asytvdkvfwm
522,6/10/2021,4:29,qoerhivbajh
575,13/11/2014,6:32,numienvjgnpcwqdqf
595,5/9/2005,9:39,pfjhryegihhvqtmkp
630,24/3/2001,16:18,jjwvvyxlmh
760,20/4/2001,2:38,pfjhryegihhvqtmkp
809,21/10/2007,5:32,kfgjidsbernclr
900,24/9/2005,4:24,loojkgbujtsewniskky
9,2/12/2011,16:13,yuqleukvkcuatotkhm
20,23/9/2021,7:41,boanuhttheusjnnhx
64,3/10/2015,3:50,yygxgpfcfsix
76,25/7/2006,5:17,cvqdqksnarwfo
84,20/4/2016,17:35,skcyccshmiu
347,3/5/2012,11:36,rbybvhhkmyyf
426,9/2/2010,5:15,numienvjgnpcwqdqf
434,16/1/2006,7:44,ruvfyrfifgcd
451,20/7/2003,1:12,fauxxibyksdxencvebb
457,8/6/2018,9:38,suykgkecdupcflnpt
523,13/8/2021,2:51,tqjmbbitkwviarphxs
558,11/10/2020,0:58,tyyuaakragpt
598,5/6/2011,11:18,jajcucwpdoklcatpub
709,7/6/2014,1:32,kqypudtkewwbqv
778,21/3/2015,16:45,efpgkegopafxrv
79,6/8/2001,12:23,psnwudqtwndttivtqm
313,13/2/2003,12:50,asytvdkvfwm
350,21/3/2015,1:11,hvbrpldpivertnkdwwf
516,7/8/2013,4:58,ftyecmtmlok
722,14/12/2018,0:53,hkijgqtfbkwf
739,4/9/2018,15:39,djocdqugjiok
71,21/3/2019,4:54,oahunrjjqwm
221,14/1/2014,16:45,ppgcdcwtvbils
335,11/12/2011,7:11,wdycjchadjiqukugmx
829,22/3/2006,16:38,yuqleukvkcuatotkhm
831,14/2/2001,11:16,vovhbatiaevqw
839,13/5/2020,0:17,dhngxqmwbrlrhxr
136,22/1/2009,7:49,djocdqugjiok
385,12/2/2018,12:56,rlbnwmppgpcllxjpj
505,3/8/2015,1:22,upiootoaxwpawqcldi
695,24/6/2014,15:29,caenqqvsly
747,6/12/2018,14:23,dgbglxewreoyvrdks
823,9/7/2019,11:48,buefwdocppnvju
918,8/10/2007,0:49,llijdldpxkpln
949,26/7/2018,6:46,iecyeqssjhu
3,1/1/2009,0:15,reuobyookyjbrdi
44,15/10/2018,4:56,xqgjurftho
111,4/7/2014,17:52,fqmbrjvlolefrmjcc
131,12/10/2017,12:47,einnwkrtkbaonhoxgds
134,27/10/2006,16:42,asytvdkvfwm
205,16/11/2003,6:54,inadkemklosecjh
315,28/6/2010,9:38,kbfpolhiglqelmdbfu
453,26/3/2012,1:36,nhbmsntflufajbntk
589,2/10/2005,5:13,ueaxfxtayoaqvalrb
674,7/6/2009,6:31,exxtpjvostah
782,9/8/2006,5:30,lynuadyobfpwpgsyvu
818,26/7/2014,15:51,ibfmylusxqp
822,3/2/2005,6:57,exxtpjvostah
881,6/10/2007,6:17,nhbmsntflufajbntk
887,15/1/2006,15:57,riiucnslkrdsyyatbcn
891,10/5/2008,1:50,oofllfqseyklurpn
928,8/2/2017,0:25,xvdtssgfnjoxxysrn
32,28/1/2011,3:27,vcotwcxlcsnwladq
223,16/11/2021,9:21,qgxdvdjnwjsx
243,19/8/2010,4:43,udhshdkfwddloetlutl
390,22/3/2003,3:46,ymsiuesyxltw
492,11/1/2021,0:42,lynuadyobfpwpgsyvu
512,3/2/2008,13:57,omubokkoanc
526,17/11/2003,5:43,ciirucscwoqqvamg
618,28/1/2007,10:12,wblucwxctkmc
788,27/5/2011,11:11,mositkuuricngbm
914,10/1/2006,17:23,suykgkecdupcflnpt
983,1/9/2008,14:11,mfvjsuyijqeskarjsy
31,24/1/2001,2:31,einnwkrtkbaonhoxgds
154,16/1/2013,0:53,bnkqpqfcjhgewasxjow
176,11/3/2010,0:22,jeyawuwarxjmseovcjd
177,27/10/2003,6:47,rqqqerprmdjrmhmb
217,2/10/2008,6:33,tsuyxxryxxa
228,22/5/2011,9:29,yjjttcaewtx
281,6/5/2006,11:13,boanuhttheusjnnhx
341,25/4/2001,0:40,xtxmcrvphtfafcdg
407,14/6/2010,10:56,ueaxfxtayoaqvalrb
802,11/9/2005,17:39,vcotwcxlcsnwladq
893,28/4/2012,4:11,caenqqvsly
959,15/10/2008,5:42,jllfkaouqcxfesocpu
7,15/7/2014,7:29,csqepbmyeaxtdufjy
15,27/12/2010,13:37,oofllfqseyklurpn
68,9/12/2014,15:20,oofllfqseyklurpn
109,28/8/2001,2:33,myimtruhbpj
196,28/10/2008,5:39,ujervselhrtmmxcg
198,22/2/2017,12:55,skcyccshmiu
229,6/12/2007,6:18,lpgvxrljbian
588,12/1/2007,3:47,hnpqmbrtrwjiyshen
812,26/10/2003,8:19,fauxxibyksdxencvebb
837,6/8/2008,6:56,lymipjalhutpkttphr
842,2/8/2003,3:55,wkwtbyhfbxxurfegrrp
905,22/3/2005,16:13,kgnattptlllmfvgwo
930,17/9/2012,14:26,bfkmqnbgvupp
296,13/4/2000,2:41,bubmwsshgdlhdacktit
326,4/9/2008,4:27,djocdqugjiok
441,8/11/2005,14:16,mfykvjupsnyijav
458,21/7/2009,3:13,iqknrpkxwl
546,23/3/2014,13:31,kqypudtkewwbqv
624,28/4/2015,17:14,mfykvjupsnyijav
685,18/2/2010,11:35,iecyeqssjhu
748,14/10/2019,11:52,fjcjqoccpmhnvop
943,7/9/2010,0:16,addklfblljtcsemxykr
966,1/5/2012,8:55,jdemsjffxx
36,1/7/2009,1:48,loojkgbujtsewniskky
42,14/2/2006,10:39,tfpojwchawwhrnfh
253,9/9/2012,6:53,tqjmbbitkwviarphxs
510,19/2/2009,4:48,pfjhryegihhvqtmkp
581,25/3/2002,10:16,edhfvwggscpgbcjsb
724,23/6/2002,1:19,bpfbymelskxcscdrtsd
921,28/3/2013,1:36,xtxmcrvphtfafcdg
106,20/9/2015,16:58,miqyxmppoelso
175,1/10/2001,2:39,ardiniuyhqu
278,18/3/2009,16:31,ftyecmtmlok
309,10/9/2001,11:25,adqtqyegyc
332,13/4/2009,6:54,cpdjxvsjpiqeqy
340,1/4/2015,1:45,drraihmkyhkoxs
374,3/2/2012,3:21,hbpcqxjnxdduvrt
424,23/10/2021,7:15,gmefmwmhxd
597,21/3/2007,17:25,boanuhttheusjnnhx
658,21/9/2004,6:27,qgxdvdjnwjsx
801,25/1/2010,4:51,ocodxbskpedqnmbwbee
