USERNAME,ORGANIZATION,PHONENUMBER
umtbverr90633,qidtdyfrrgjayncgwjaveuiaiypvtxlatmnc,6503207800
bitwvmwm14427,xdoeccjmyfcdutqyouscnodrvkljrxkmbpchilpjvqbc,6047278157
pyiplqgb42561,qyru,5703035017
uwoygoht92059,wegalbwmaklkeuxybpdowboublgkyusnctnfulljadd,8751334510
hekiypcq90270,trnevsrexmvjonviqmhtvjokxfuvo,3002335677
mrtyvjhe27104,sqnbuqrib,7807284013
njnneyxr80084,sjrttecyvfbkcejwadxoweenqtqtiuyiwprofbowujhdpvawe,4380025015
ujedvgrc71138,rkonpwqifrltayptkrwbysjmvstlehwetaekbeiyhfwfn,2732650005
cjppafqh94779,ixmprmalygyxctnjbmoetuotwm,7535845847
elbwxqha75856,tyqlleqxejxiuiblphkgfcdxkahixls,2276743055
kvxcssyl20734,kpvxpjrfoawmdsymwvnxjkoofphelhquyldskocpmjnjumil,6074652861
hnguctpb88094,bdgswcmmxuyvfmgnwcladtpqdsvchrfwc,4408400841
keklpknb44417,fp,5702245887
ltnnicca49511,kdygtvjaceknwdwscdfrckctjnhntqk,5351003877
yccdkjco5731,phkcgojcitsc,1565361758
ipwmaxbp78549,xmtesljvgbkjdfqhocfk,3614817424
drfgabko39656,pykqqliuodokufxmnbxnbnvfhurcixqxrcrebrscombldpgah,3663782058
ehardggo14772,eprwjksufyjqubxedhrjtl,4243081707
hpyvmqtw83043,toxgpwjyptipefstxcgwirovwwexw,6002186854
eajdcnpa76079,jhijbsobjkkyhirrptxjirldkswndpokghk,8316670254
ysegbiht62602,ityulrsrrdu,400277011
gsirjecb53601,pucuemgix,3372758478
lmpahinl43532,qngwkm,5535724844
ubmaehig71219,mnvegsbjsccpfeddpjjkhcvqdjktathbdnos,5837340218
atxpetdx69700,tqaoiphaoblxmispursjkjeg,4472760811
unwwmmvy40478,tewieaflkbfaxkcptxxskhiuobwpmeqefhrhr,1323868025
pcfntbkr58005,htyl,1344532056
dkqgiujr21397,vxcllvjtd,8632108068
jbvvtase79878,uelbrvjlggpgbrrfgiwqwotpwhdadcbunfsni,4552867470
wljuwdjf37909,aekvqrsnuephuxffscycxguyusfasicovamdbpjtksof,8844400317
wsujfgpy27419,qmnhp,6627111050
nhlyhxot34685,tybnswolfeiktvltpftatwccf,772617241
mplwgebn30642,mojuuhgxhlclkfmexturovwnrkcg,7156877883
lxnfohwg26431,vmpburwlifhnnxplhnh,5302685840
cbadeiui68906,jepeidigyaytdd,7133776345
fdwjnrxc17221,bkuuhtlepirntngyrphbdleepfvyddirnohrv,6151567614
scrdhuyi13276,nmxrjxx,5736717347
faiburif7010,bihimaddihmoyymyrjolmg,4447300266
ryrddhvc2754,omurdovugsfcew,2434810187
kjxlbwac24992,sohhxceipvvqiwvhuqobmdwankoyryfpxcdhbbppq,33747221
nqnathvd1417,nvwdjve,1360236687
moklsydh23283,qsgbax,5071582164
bgqteibh67605,lldshbvxgjvxmnwpwuktpetpgtvt,1263411816
dfieckkq96820,hnmvspebueltlsxdjfjcyrbjcjpijsmnkp,8011200807
fpfajeuu97325,nvnhasywjhflbwmvxqiqwmadaqwebjsncwcwbvrynyxsac,5640680308
qkmqjhtg53837,yvcnalydysiappaaqokkhuspbexcitviywcvgepjtn,1133178458
jehpfefr31954,uaxqqcdxgyetlsixpmdklykcs,1054208832
sidjahuy2604,tdiuxpwepnirxe,5647784567
kcnxdhck51568,qdwktgtbkbrgoqenkvq,3225421035
ghuqglna83551,bkukpobfcbxvmaytqqcyqthsfpbliwlpxrnal,3241013864
hgupsjeh37791,ifyraogulvudjvgqbtehvni,8568334242
jjwrivcn66143,ldnbhskrsmngpydlxpjpibhccykldqbcylrjmqfckmhfb,7724641425
hlitmced46918,uuhicquoovrcvn,6366241345
ddlthsur48657,gjopqufdvtddrwuujmvqbcytxkfgeckppdprkhikjpuofuxxr,2751526214
klmnrcnx59009,fpymqasihagcuqxlyypisjeotuicxfbsyllgemx,7780014308
fgdykdee39948,rvwnxg,2005077180
elqwdong88690,fcjdxnpcljooqsvfydv,7207884261
cothpnpg58990,khaco,4658730460
nhhjuxfa66713,bxgbylyotaurmghotjfcqrlpniu,8837034221
fftuptxm28448,onogwagiwlqfliwukbidylbu,5282542122
wpojfoqe72497,ghqtdjgxhiufttcbkiyfkiogewpbjysydr,8103217148
sxgujdej7791,invkcfupyieleqovnlcfuctatdevvqliwhd,1264037211
pfiwcvdx36865,ufownsppgjuearjhqgxottssxpwcisaxmrimjexcgxt,5125674127
xyipusdl42352,xijmgxvsstpnrufgwqivqnhfjlehplc,6468333714
imxtutpj60453,krjveqoduuonqitsacxbufauerspqv,8450758445
siygtjbh38275,jkkonylmhbtbqgrgkecfajkbrwcbrvgk,7382684881
njubknlr20737,dgudefqkyytsmpp,5747038305
knlxhldb92950,tl,1586345488
argrvjdg66431,ilavbxtqdootycgkrfdegr,2231072165
fpgowosm96302,iiniwgomhbxubudcequtoqnkjrddgo,4807163287
pjrhorwn91565,rrioaagyiw,4706003846
amuobhig95975,uyipnlhtflngvecdo,3841032613
iiwhqnjs1565,mifbctckmcf,5313152182
citbqvku2128,uhhdnpelsonqefsmhckmhwahvrfnxjrfrtcrqkdwoxvkrgny,6327346511
mkquhvhr34095,cwijfkrofoictkvjpoyjohqvma,6846464557
vpxnabqm7880,juirngfnqfex,7485784458
wscmshmr4653,mdtjerdrsysejgikegrihnky,330263266
pqtjwfuv81048,kcbnoccfrjxdbqujhrfxptvqcnnjrdivrhlnn,31050370
bulxfacm90291,dlyrhjfhdijixmnnliwkh,2330487815
wfwcsmry45032,oxwkdwlnuvdlkx,1244220848
eqdglwkx1645,laredyckevgwbvgauxpwnapxmymeiop,2702503472
hgnwnmyd85138,yuvvgyqxddabuxbwvkxtbhfyqublaa,5685036234
uhypavfd21794,cltukoidjwxcsitpqlieyfrlaklooedfh,2241138835
ggoyysgt81732,pyxsjijmcaspgyttwtlepoimnrmudoxgweglm,3346268822
roauulef33321,bmserofluopayuvpupfpalnmufmpafvxugntqkgsl,7801800571
pdbggyey71600,i,3568776788
odptrkeh68556,vxnglr,1732533451
kigspkdl36374,ebnvilunopaccqhrsmutnqllocni,3466718186
suacdcxj74541,etax,8755415274
kxmvvome2606,biphnnppmdaxeapmwqpjwct,3341555138
llanyjrw59930,m,7733345517
rocpnxfg40317,wjxwuihvmmoqvwmmyabgtbratjxhxfkjdhwhmjsrgjv,4728870302
vurwueew53859,yevobwcecytdgdfkvjwgackrxumdjbrhwyoikfkglpg,7722601682
nsithyfq64958,uhmouxfkkiekoh,6655852030
ypmoljfm31064,oqlqlugbtkccqscjojjsevgkapulh,8374238250
cktyqmvs12729,oupdvipy,8623052865
cdimmomx86551,eyrgvjnilkvffql,8324758568
sjhcbspn63744,wfnidjprvkoeaeqckcpeilfnei,2856377337
yffvvbki84236,vrny,6877500881
utxcmkff26788,jjiwiitbglqipfriuppoebpfnfklgixgdiowoxeumiqgwsvcs,6842602425
